id,name,team,8-Jan-2025,9-Jan-2025,10-Jan-2025,11-Jan-2025,12-Jan-2025,13-Jan-2025,22-Jan-2025,23-Jan-2025,24-Jan-2025,30-Jan-2025,31-Jan-2025,6-Feb-2025,7-Feb-2025,8-Feb-2025,9-Feb-2025,10-Feb-2025,11-Feb-2025,12-Feb-2025,20-Feb-2025,1-Mar-2025,2-Mar-2025,3-Mar-2025,4-Mar-2025,5-Mar-2025,6-Mar-2025,7-Mar-2025,12-Mar-2025,13-Mar-2025,14-Mar-2025,17-Mar-2025,20-Mar-2025,21-Mar-2025,22-Mar-2025,23-Mar-2025,24-Mar-2025,25-Mar-2025,26-Mar-2025,29-Mar-2025,30-Mar-2025,9-Apr-2025,10-Apr-2025,11-Apr-2025,16-Apr-2025,17-Apr-2025,18-Apr-2025,27-Apr-2025,30-Apr-2025,2-May-2025,8-May-2025,9-May-2025,17-May-2025,22-May-2025
1,Fábio Ferreira Vieira,Arsenal,,,,,,,,,,,,,,,,,,,,,,,,,,,,,,,,,,,,,,,,,,,,,,,,,,,,
2,Gabriel Fernando de Jesus,Arsenal,31,,,,40,,,,,,,,,,,,,,,,,,,,,,,,,,,,,,,,,,,,,,,,,,,,,,,
3,Gabriel dos Santos Magalhães,Arsenal,90,,,,120,,,90,,90,,90,,,,,,,,,,,,90,,,,90,,,,90,,,,,,,,,,,,,,,,,,,,
4,Kai Havertz,Arsenal,90,,,,120,,,74,,20,,90,,,,,,,,,,,,,,,,,,,,,,,,,,,,,,,,,,,,,,,,
5,Karl Hein,Arsenal,,,,,,,,,,,,,,,,,,,,,,,,,,,,,,,,,,,,,,,,,,,,,,,,,,,,
6,Jurriën Timber,Arsenal,90,,,,100,,,59,,44,,78,,,,,,,,,,,,77,,,,11,,,,,,,,,,,,91,,,,95,,,83,,83,,,
7,Jorge Luiz Frello Filho,Arsenal,31,,,,113,,,90,,82,,12,,,,,,,,,,,,,,,,90,,,,,,,,,,,,,,,,,,,,,,,,
8,Jakub Kiwior,Arsenal,,,,,,,,90,,90,,,,,,,,,,,,,,,,,,90,,,,,90,,,90,,,,92,,,,96,,,95,,93,,,
9,Gabriel Martinelli Silva,Arsenal,90,,,,120,,,90,,3,,37,,,,,,,,,,,,,,,,11,,,,,,,,,,,,92,,,,95,,,95,,69,,,
12,Ethan Nwaneri,Arsenal,,,,,,,,31,,87,,53,,,,,,,,,,,,71,,,,,,,,,,,,,,,,,,,,,,,4,,,,,
13,Martin Ødegaard,Arsenal,90,,,,120,,,90,,90,,61,,,,,,,,,,,,90,,,,11,,,,,,90,,,90,,,92,,,,96,,,91,,93,,,
15,David Raya Martin,Arsenal,90,,,,120,,,90,,,,90,,,,,,,,,,,,90,,,,90,,,,,,,,,,,,92,,,,96,,,95,,93,,,
16,Declan Rice,Arsenal,90,,,,47,,,90,,8,,90,,,,,,,,,,,,90,,,,64,,,,,82,,,79,,,,80,,,,95,,,95,,93,,,
17,Bukayo Saka,Arsenal,,,,,,,,,,,,,,,,,,,,,,,,,,,,,,,,,,,,,,,,74,,,,77,,,95,,93,,,
18,William Saliba,Arsenal,90,,,,120,,,,,,,90,,,,,,,,,,,,90,,,,,,,,90,,,120,,,,,92,,,,96,,,83,,93,,,
20,Thomas Partey,Arsenal,59,,,,,,,31,,46,,78,,,,,,,,,,,,71,,,,,,,,,82,,,90,,,,92,,,,96,,,,,93,,,
21,Kieran Tierney,Arsenal,,,,,7,,,16,,,,,,,,,,,,,,,,13,,,,79,,,,14,,,35,,,,,12,,,,1,,,,,,,,
22,Tomiyasu Takehiro,Arsenal,,,,,,,,,,,,,,,,,,,,,,,,,,,,,,,,,,,,,,,,,,,,,,,,,,,,
23,Leandro Trossard,Arsenal,59,,,,29,,,16,,70,,61,,,,,,,,,,,,90,,,,26,,,,80,,,69,,,,,18,,,,19,,,95,,24,,,
24,Benjamin White,Arsenal,,,,,,,,,,,,,,,,,,,,,,,,13,,,,79,,,,,,,,,,,,1,,,,1,,,12,,10,,,
25,Oleksandr Zinchenko,Arsenal,12,,,,,,,74,,,,,,,,,,,,,,,,,,,,79,,,,90,,,90,,,,,,,,,1,,,,,,,,
73,Norberto Murara Neto,Arsenal,,,,,,,,,,90,,,,,,,,,,,,,,,,,,,,,,,,,,,,,,,,,,,,,,,,,,
186,Raheem Sterling,Arsenal,,,,,80,,,59,,90,,29,,,,,,,,,,,,19,,,,90,,,,,,,,,,,,,,,,,,,,,,,,
578,Riccardo Calafiori,Arsenal,,,,,,,,,,70,,12,,,,,,,,,,,,55,,,,26,,,,90,,,,,,,,,,,,,,,,,25,,,
597,Myles Lewis-Skelly,Arsenal,78,,,,91,,,,,20,,90,,,,,,,,,,,,35,,,,90,,,,,90,,,79,,,,92,,,,96,,,95,,68,,,
633,Mikel Merino,Arsenal,,,,,73,,,,,90,,29,,,,,,,,,,,,77,,,,64,,,,,,,36,,,,,92,,,,96,,,95,,93,,,
638,Salah-Eddine Oulad M'hand,Arsenal,,,,,,,,,,,,,,,,,,,,,,,,19,,,,,,,,,,,,,,,,,,,,,,,,,,,,
639,Tommy Setford,Arsenal,,,,,,,,,,,,,,,,,,,,,,,,,,,,,,,,,,,,,,,,,,,,,,,,,,,,
657,Maldini Kacurri,Arsenal,,,,,,,,,,,,,,,,,,,,,,,,,,,,,,,,,,,,,,,,,,,,,,,,,,,,
659,Ismeal Kabia,Arsenal,,,,,,,,,,,,,,,,,,,,,,,,,,,,,,,,,,,,,,,,,,,,,,,,,,,,
662,Josh Nichols,Arsenal,,,,,,,,,,,,,,,,,,,,,,,,,,,,,,,,,,,,,,,,,,,,,,,,,,,,
665,Nathan Butler-Oyedeji,Arsenal,,,,,,,,1,,,,,,,,,,,,,,,,,,,,,,,,,,,,,,,,,,,,,,,,,,,,
28,Leon Bailey,Aston Villa,,,,72,,,56,,,90,,,,,,66,,,,90,,,,64,,,,44,,,,,,,,,,,,,,,,,,38,,,,,,
29,Ross Barkley,Aston Villa,,,,23,,,,,,,,,,,,,,,,,,,,,,,,,,,,,,,,,,,,,,,6,,,28,,,,,,
30,Enzo Barrenechea,Aston Villa,,,,,,,,,,,,,,,,,,,,,,,,,,,,,,,,,,,,,,,,,,,,,,,,,,,,
31,Emiliano Buendía Stati,Aston Villa,,,,18,,,86,,,,,,,,,,,,,,,,,,,,,,,,,,,,,,,,,,,,,,,,,,,,,
32,Matty Cash,Aston Villa,,,,73,,,90,,,30,,,,,,,,,,,,,,30,,,,73,,,,,68,,,24,,,9,,46,,94,,,98,,,,,,
33,Leander Dendoncker,Aston Villa,,,,,,,,,,,,,,,,,,,,,,,,,,,,,,,,,,,,,,,,,,,,,,,,,,,,
34,Moussa Diaby,Aston Villa,,,,,,,,,,,,,,,,,,,,,,,,,,,,,,,,,,,,,,,,,,,,,,,,,,,,
35,Diego Carlos Santos Silva,Aston Villa,,,,,,,,,,,,,,,,,,,,,,,,,,,,,,,,,,,,,,,,,,,,,,,,,,,,
36,Lucas Digne,Aston Villa,,,,,,,67,,,74,,,,,,81,,,,9,,,,90,,,,,,,,,,,,,,,90,,94,,76,,,60,,,,,,
37,Lewis Dobbin,Aston Villa,,,,,,,,,,,,,,,,,,,,,,,,,,,,,,,,,,,,,,,,,,,,,,,,,,,,
38,Jhon Durán,Aston Villa,,,,,,,34,,,,,,,,,,,,,,,,,,,,,,,,,,,,,,,,,,,,,,,,,,,,,
39,Joe Gauci,Aston Villa,,,,,,,,,,,,,,,,,,,,,,,,,,,,,,,,,,,,,,,,,,,,,,,,,,,,
40,Kortney Hause,Aston Villa,,,,,,,,,,,,,,,,,,,,,,,,,,,,,,,,,,,,,,,,,,,,,,,,,,,,
41,Samuel Iling-Junior,Aston Villa,,,,,,,,,,,,,,,,,,,,,,,,,,,,,,,,,,,,,,,,,,,,,,,,,,,,
42,Boubacar Kamara,Aston Villa,,,,72,,,90,,,90,,,,,,90,,,,,,,,30,,,,46,,,,,,,,,,,90,,94,,94,,,70,,,,,,
43,Kaine Kesler-Hayden,Aston Villa,,,,,,,,,,,,,,,,,,,,,,,,,,,,,,,,,,,,,,,,,,,,,,,,,,,,
44,Ezri Konsa Ngoyo,Aston Villa,,,,90,,,90,,,90,,,,,,26,,,,90,,,,90,,,,90,,,,,90,,,90,,,90,,94,,94,,,98,,,,,,
45,Ian Maatsen,Aston Villa,,,,90,,,23,,,16,,,,,,9,,,,83,,,,,,,,90,,,,,,,120,,,,,,14,,18,,,38,,,,,,
46,Filip Marschall,Aston Villa,,,,,,,,,,,,,,,,,,,,,,,,,,,,,,,,,,,,,,,,,,,,,,,,,,,,
47,Emiliano Martínez Romero,Aston Villa,,,,90,,,90,,,90,,,,,,90,,,,90,,,,90,,,,90,,,,,90,,,,90,,90,,94,,94,,,98,,,,,,
48,John McGinn,Aston Villa,,,,,,,,,,60,,,,,,90,,,,90,,,,64,,,,90,,,,90,,,,,,,20,,80,,66,,,60,,,,,,
49,Tyrone Mings,Aston Villa,,,,90,,,90,,,,,,,,,,,,,,,,,90,,,,66,,,,,,,,,,,90,,,,,,,,,,,,,
50,Kosta Nedeljković,Aston Villa,,,,17,,,,,,,,,,,,,,,,,,,,,,,,,,,,,,,,,,,,,,,,,,,,,,,,
51,Robin Olsen,Aston Villa,,,,,,,,,,,,,,,,,,,,,,,,,,,,,,,,,,,,,,,,,,,,,,,,,,,,
52,Pau Torres,Aston Villa,,,,,,,,,,,,,,,,,,,,,,,,,,,,24,,,,,,,,,,,,,94,,94,,,98,,,,,,
53,Jacob Ramsey,Aston Villa,,,,18,,,4,,,90,,,,,,90,,,,9,,,,30,,,,24,,,,,,,,,,,90,,59,,27,,,29,,,,,,
54,Morgan Rogers,Aston Villa,,,,90,,,86,,,90,,,,,,90,,,,9,,,,90,,,,66,,,,,16,,,90,,,90,,94,,94,,,79,,,,,,
55,Viljami Sinisalo,Aston Villa,,,,,,,,,,,,,,,,,,,,,,,,,,,,,,,,,,,,,,,,,,,,,,,,,,,,
56,Lino da Cruz Sousa,Aston Villa,,,,,,,,,,,,,,,,,,,,,,,,,,,,,,,,,,,,,,,,,,,,,,,,,,,,
57,Youri Tielemans,Aston Villa,,,,90,,,90,,,90,,,,,,90,,,,90,,,,90,,,,90,,,,90,,,,,,,73,,80,,88,,,98,,,,,,
58,Ollie Watkins,Aston Villa,,,,90,,,90,,,90,,,,,,,,,,82,,,,91,,,,46,,,,,,,,,,,12,,15,,18,,,98,,,,,,
167,Axel Disasi,Aston Villa,,,,90,,,,,,,,,,,,,,,,,,,,64,,,,17,,,,,,,,,,,,,48,,,,,,,,,,,
233,Amadou Onana,Aston Villa,,,,67,,,,,,,,,,,,,,,,,,,,,,,,,,,,,,,,,,,20,,14,,67,,,,,,,,,
598,Lamare Bogarde,Aston Villa,,,,,,,4,,,90,,,,,,64,,,,90,,,,3,,,,,,,,,,,,,,,,,,,,,,,,,,,,
640,Sil Swinkels,Aston Villa,,,,,,,,,,,,,,,,,,,,,,,,,,,,,,,,,,,,,,,,,,,,,,,,,,,,
641,Oliwier Zych,Aston Villa,,,,,,,,,,,,,,,,,,,,,,,,,,,,,,,,,,,,,,,,,,,,,,,,,,,,
656,Kadan Young,Aston Villa,,,,,,,,,,,,,,,,,,,,,,,,,,,,,,,,,,,,,,,,,,,,,,,,,,,,
679,Ben Broggio,Aston Villa,,,,,,,,,,,,,,,,,,,,,,,,,,,,,,,,,,,,,,,,,,,,,,,,,,,,
385,Marcus Rashford,Aston Villa,,,,,,,,,,,,,,,,24,,,,82,,,,64,,,,90,,,,,74,,,79,,,81,,79,,76,,,,,,,,,
762,Marco Asensio,Aston Villa,,,,,,,,,,,,,,,,24,,,,82,,,,30,,,,44,,,,,,,,,,,73,,35,,28,,,69,,,,,,
725,Donyell Malen,Aston Villa,,,,,,,,,,,,,,,,66,,,,,,,,,,,,,,,,,,,42,,,,20,,,,,,,19,,,,,,
731,Andrés García,Aston Villa,,,,,,,,,,,,,,,,90,,,,90,,,,,,,,,,,,,,,,,,,12,,,,,,,,,,,,,
710,Jamaldeen Jimoh,Aston Villa,,,,,,,,,,,,,,,,,,,,9,,,,,,,,,,,,,,,,,,,,,,,,,,,,,,,,
59,Max Aarons,Bournemouth,,,,46,,,,,,,,,,,,,,,,,,,,,,,,,,,,,,,,,,,,,,,,,,,,,,,,
60,Tyler Adams,Bournemouth,,,,89,,,,,,,,,,90,,,,,,90,,,,,,,,,,,,,,,,,,,90,,,,,,,,,,,,,
61,Jaidon Anthony,Bournemouth,,,,,,,,,,,,,,,,,,,,,,,,,,,,,,,,,,,,,,,,,,,,,,,,,,,,
62,David Brooks,Bournemouth,,,,77,,,,,,,,,,12,,,,,,67,,,,,,,,,,,,,,62,,,15,,57,,,,,,,,,,,,,
63,Ryan Christie,Bournemouth,,,,,,,,,,,,,,90,,,,,,,,,,,,,,,,,,,,,,,,,73,,,,,,,,,,,,,
64,Lewis Cook,Bournemouth,,,,,,,,,,,,,,90,,,,,,90,,,,,,,,,,,,,,,,,,,90,,,,,,,,,,,,,
65,Enes Ünal,Bournemouth,,,,,,,,,,,,,,,,,,,,,,,,,,,,,,,,,,,,,,,,,,,,,,,,,,,,
66,Romain Faivre,Bournemouth,,,,,,,,,,,,,,,,,,,,,,,,,,,,,,,,,,,,,,,,,,,,,,,,,,,,
67,Hamed Traorè,Bournemouth,,,,,,,,,,,,,,,,,,,,,,,,,,,,,,,,,,,,,,,,,,,,,,,,,,,,
68,James Hill,Bournemouth,,,,90,,,,,,,,,,,,,,,,90,,,,,,,,,,,,,,,,,,,33,,,,,,,,,,,,,
69,Daniel Jebbison,Bournemouth,,,,23,,,,,,,,,,78,,,,,,5,,,,,,,,,,,,,,,,,,,5,,,,,,,,,,,,,
70,Milos Kerkez,Bournemouth,,,,13,,,,,,,,,,90,,,,,,90,,,,,,,,,,,,90,,,90,,,,,,,,,,,,,,,,,
71,Justin Kluivert,Bournemouth,,,,67,,,,,,,,,,26,,,,,,40,,,,,,,,,,,,74,,,78,,,,90,,,,,,,,,,,,,
72,Chris Mepham,Bournemouth,,,,,,,,,,,,,,,,,,,,,,,,,,,,,,,,,,,,,,,,,,,,,,,,,,,,
74,Dango Ouattara,Bournemouth,,,,89,,,,,,,,,,12,,,,,,40,,,,,,,,,,,,,,,,,,,33,,,,,,,,,,,,,
75,Alex Paulsen,Bournemouth,,,,,,,,,,,,,,,,,,,,,,,,,,,,,,,,,,,,,,,,,,,,,,,,,,,,
76,Philip Billing,Bournemouth,,,,,,,,,,,,,,,,,,,,,,,,,,,,,,,,,,,,,,,,,,,,,,,,,,,,
77,Alex Scott,Bournemouth,,,,,,,,,,,,,,,,,,,,84,,,,,,,,,,,,,,,,,,,17,,,,,,,,,,,,,
78,Antoine Semenyo,Bournemouth,,,,44,,,,,,,,,,90,,,,,,105,,,,,,,,,,,,,72,,,69,,,90,,,,,,,,,,,,,
79,Marcos Senesi,Bournemouth,,,,,,,,,,,,,,,,,,,,,,,,,,,,,,,,,,,,,,,85,,,,,,,,,,,,,
80,Luis Sinisterra,Bournemouth,,,,,,,,,,,,,,,,,,,,21,,,,,,,,,,,,,,,,,,,,,,,,,,,,,,,,
81,Adam Smith,Bournemouth,,,,,,,,,,,,,,,,,,,,,,,,,,,,,,,,,,,,,,,17,,,,,,,,,,,,,
83,Marcus Tavernier,Bournemouth,,,,,,,,,,,,,,78,,,,,,90,,,,,,,,,,,,,,,,,,,,,,,,,,,,,,,,
84,Mark Travers,Bournemouth,,,,,,,,,,,,,,,,,,,,,,,,,,,,,,,,,,,,,,,,,,,,,,,,,,,,
85,Illia Zabarnyi,Bournemouth,,,,90,,,,,,,,,,90,,,,,,,,,,,,,,,,,,90,,,90,,,,90,,,,,,,,,,,,,
152,Kepa Arrizabalaga,Bournemouth,,,,90,,,,,,,,,,90,,,,,,90,,,,,,,,,,,,,,,,,,,90,,,,,,,,,,,,,
580,Dean Huijsen,Bournemouth,,,,90,,,,,,,,,,90,,,,,,90,,,,,,,,,,,,50,,,120,,,,,,,,,,,,,,,,,
592,Julián Araujo Zúñiga,Bournemouth,,,,,,,,,,,,,,,,,,,,,,,,,,,,,,,,,,,,,,,,,,,,,,,,,,,,
599,Will Dennis,Bournemouth,,,,,,,,,,,,,,,,,,,,,,,,,,,,,,,,,,,,,,,,,,,,,,,,,,,,
617,Francisco Evanilson de Lima Barbosa,Bournemouth,,,,,,,,,,,,,,,,,,,,67,,,,,,,,,,,,,,,,,,,73,,,,,,,,,,,,,
680,Max Kinsey,Bournemouth,,,,1,,,,,,,,,,,,,,,,,,,,,,,,,,,,,,,,,,,,,,,,,,,,,,,,
687,Ben Winterburn,Bournemouth,,,,90,,,,,,,,,,64,,,,,,,,,,,,,,,,,,,,,,,,,,,,,,,,,,,,,,
702,Archie Harris,Bournemouth,,,,,,,,,,,,,,,,,,,,,,,,,,,,,,,,,,,,,,,,,,,,,,,,,,,,
707,Remy Rees-Dottin,Bournemouth,,,,,,,,,,,,,,,,,,,,,,,,,,,,,,,,,,,,,,,,,,,,,,,,,,,,
712,Matai Akinmboni,Bournemouth,,,,,,,,,,,,,,,,,,,,,,,,,,,,,,,,,,,,,,,,,,,,,,,,,,,,
728,Zain Silcott-Duberry,Bournemouth,,,,,,,,,,,,,,2,,,,,,,,,,,,,,,,,,,,,,,,,,,,,,,,,,,,,,
713,Julio Soler,Bournemouth,,,,90,,,,,,,,,,,,,,,,,,,,,,,,,,,,,,,,,,,57,,,,,,,,,,,,,
86,Kristoffer Ajer,Brentford,,,,,,,,,,,,,,,,,,,,,,,,,,,,,,,,,,90,,,90,,,,,,,,,,,,,,,
87,Ethan Brierley,Brentford,,,,,,,,,,,,,,,,,,,,,,,,,,,,,,,,,,,,,,,,,,,,,,,,,,,,
88,Nathan Collins,Brentford,,,,19,,,,,,,,,,,,,,,,,,,,,,,,,,,,90,,,90,,,,,,,,,,,,,,,,,
89,Mikkel Damsgaard,Brentford,,,,90,,,,,,,,,,,,,,,,,,,,,,,,,,,,,,,,,,,,,,,,,,,,,,,,
90,Josh Dasilva,Brentford,,,,,,,,,,,,,,,,,,,,,,,,,,,,,,,,,,,,,,,,,,,,,,,,,,,,
91,Mark Flekken,Brentford,,,,,,,,,,,,,,,,,,,,,,,,,,,,,,,,,,,,,,,,,,,,,,,,,,,,
92,Rico Henry,Brentford,,,,63,,,,,,,,,,,,,,,,,,,,,,,,,,,,,,,,,,,,,,,,,,,,,,,,
93,Aaron Hickey,Brentford,,,,,,,,,,,,,,,,,,,,,,,,,,,,,,,,,,,,,,,,,,,,,,,,,,,,
94,Vitaly Janelt,Brentford,,,,,,,,,,,,,,,,,,,,,,,,,,,,,,,,,,,,,,,,,,,,,,,,,,,,
95,Mathias Jensen,Brentford,,,,90,,,,,,,,,,,,,,,,,,,,,,,,,,,,,,,,,,,,,,,,,,,,,,,,
96,Kim Ji-soo,Brentford,,,,90,,,,,,,,,,,,,,,,,,,,,,,,,,,,,,,,,,,,,,,,,,,,,,,,
97,Yunus Emre Konak,Brentford,,,,,,,,,,,,,,,,,,,,,,,,,,,,,,,,,,,,,,,,,,,,,,,,,,,,
98,Keane Lewis-Potter,Brentford,,,,27,,,,,,,,,,,,,,,,,,,,,,,,,,,,,,,,,,,,,,,,,,,,,,,,
99,Bryan Mbeumo,Brentford,,,,27,,,,,,,,,,,,,,,,,,,,,,,,,,,90,,,,,,90,,,,,,,,,,,,,,,
100,Ben Mee,Brentford,,,,,,,,,,,,,,,,,,,,,,,,,,,,,,,,,,,,,,,,,,,,,,,,,,,,
101,Christian NÃ¸rgaard,Brentford,,,,,,,,,,,,,,,,,,,,,,,,,,,,,,,,90,,,83,,,,,,,,,,,,,,,,,
102,Frank Onyeka,Brentford,,,,,,,,,,,,,,,,,,,,,,,,,,,,,,,,,,,,,,,,,,,,,,,,,,,,
103,Myles Peart-Harris,Brentford,,,,,,,,,,,,,,,,,,,,,,,,,,,,,,,,,,,,,,,,,,,,,,,,,,,,
104,Ethan Pinnock,Brentford,,,,,,,,,,,,,,,,,,,,,,,,,,,,,,,,,,,,,,,,,,,,,,,,,,,,
105,Mads Roerslev Rasmussen,Brentford,,,,90,,,,,,,,,,,,,,,,,,,,,,,,,,,,,,,,,,,,,,,,,,,,,,,,
106,Kevin Schade,Brentford,,,,90,,,,,,,,,,,,,,,,,,,,,,,,,,,,,,,,,,,,,,,,,,,,,,,,
107,Igor Thiago Nascimento Rodrigues,Brentford,,,,,,,,,,,,,,,,,,,,,,,,,,,,,,,,,,,,,,,,,,,,,,,,,,,,
108,Ivan Toney,Brentford,,,,,,,,,,,,,,,,,,,,,,,,,,,,,,,,,,,,,,,,,,,,,,,,,,,,
109,HÃ¡kon Valdimarsson,Brentford,,,,90,,,,,,,,,,,,,,,,,,,,,,,,,,,,,,,,,,,,,,,,,,,,,,,,
110,Yoane Wissa,Brentford,,,,19,,,,,,,,,,,,,,,,,,,,,,,,,,,,,,,,,,,,,,,,,,,,,,,,
111,Yehor Yarmoliuk,Brentford,,,,63,,,,,,,,,,,,,,,,,,,,,,,,,,,,28,,,90,,,,,,,,,,,,,,,,,
112,Mathias Jorgensen,Brentford,,,,,,,,,,,,,,,,,,,,,,,,,,,,,,,,,,,,,,,,,,,,,,,,,,,,
314,FÃ¡bio Freitas Gouveia Carvalho,Brentford,,,,90,,,,,,,,,,,,,,,,,,,,,,,,,,,,,,,,,,,,,,,,,,,,,,,,
338,Sepp van den Berg,Brentford,,,,71,,,,,,,,,,,,,,,,,,,,,,,,,,,,,,,,,,,,,,,,,,,,,,,,
602,Ryan Trevitt,Brentford,,,,,,,,,,,,,,,,,,,,,,,,,,,,,,,,,,,,,,,,,,,,,,,,,,,,
634,Gustavo Nunes Fernandes Gomes,Brentford,,,,,,,,,,,,,,,,,,,,,,,,,,,,,,,,,,,,,,,,,,,,,,,,,,,,
649,Jayden Meghoma,Brentford,,,,71,,,,,,,,,,,,,,,,,,,,,,,,,,,,,,,,,,,,,,,,,,,,,,,,
661,Tony Yogane,Brentford,,,,,,,,,,,,,,,,,,,,,,,,,,,,,,,,,,,,,,,,,,,,,,,,,,,,
674,Paris Maghoma,Brentford,,,,,,,,,,,,,,,,,,,,,,,,,,,,,,,,,,,,,,,,,,,,,,,,,,,,
705,Benjamin Arthur,Brentford,,,,,,,,,,,,,,,,,,,,,,,,,,,,,,,,,,,,,,,,,,,,,,,,,,,,
113,Simon Adingra,Brighton,,,,,,,,,,,,,,,,,,,,,,,,,,,,,,,,,,,,66,,,48,,,,,,,,,,,,,
114,Benicio Baker-Boaitey,Brighton,,,,,,,,,,,,,,,,,,,,,,,,,,,,,,,,,,,,,,,,,,,,,,,,,,,,
115,Carlos Baleba,Brighton,,,,90,,,,,,,,,,,75,,,,,,69,,,,,,,,,,90,,,,,,90,,120,,,,,,,,,,,,,
116,Valentín Barco,Brighton,,,,,,,,,,,,,,,,,,,,,,,,,,,,,,,,,,,,,,,,,,,,,,,,,,,,
118,Amario Cozier-Duberry,Brighton,,,,,,,,,,,,,,,,,,,,,,,,,,,,,,,,,,,,,,,,,,,,,,,,,,,,
119,Mahmoud Dahoud,Brighton,,,,,,,,,,,,,,,,,,,,,,,,,,,,,,,,,,,,,,,,,,,,,,,,,,,,
120,Lewis Dunk,Brighton,,,,,,,,,,,,,,,46,,,,,,,,,,,,,,,,,,,,,,,,30,,,,,,,,,,,,,
121,Julio Enciso,Brighton,,,,63,,,,,,,,,,,,,,,,,,,,,,,,,,,,90,,,,,72,,,,,,,,,,,,,,,
122,Pervis Estupiñán,Brighton,,,,90,,,,,,,,,,,,,,,,,80,,,,,,,,,,,,90,,,,80,,120,,,,,,,,,,,,,
123,Evan Ferguson,Brighton,,,,,,,,,,,,,,,,,,,,,,,,,,,,,,,,,,,,,,,,,,,,,,,,,,,,
124,Billy Gilmour,Brighton,,,,,,,,,,,,,,,,,,,,,,,,,,,,,,,,,,,,,,,,,,,,,,,,,,,,
125,Pascal Groß,Brighton,,,,,,,,,,,,,,,,,,,,,,,,,,,,,,,,,,,,,,,,,,,,,,,,,,,,
126,Jack Hinshelwood,Brighton,,,,,,,,,,,,,,,68,,,,,,90,,,,,,,,,,,,,,,,,,120,,,,,,,,,,,,,
127,Ibrahim Osman,Brighton,,,,,,,,,,,,,,,,,,,,,,,,,,,,,,,,,,,,,,,,,,,,,,,,,,,,
128,Igor Julio dos Santos de Paulo,Brighton,,,,,,,,,,,,,,,,,,,,,,,,,,,,,,,,,,,,,,,,,,,,,,,,,,,,
129,João Pedro Junqueira de Jesus,Brighton,,,,,,,,,,,,,,,15,,,,,,90,,,,,,,,,,,60,,,,,,,48,,,,,,,,,,,,,
130,Kacper Kozłowski,Brighton,,,,,,,,,,,,,,,,,,,,,,,,,,,,,,,,,,,,,,,,,,,,,,,,,,,,
131,Tariq Lamptey,Brighton,,,,,,,,,,,,,,,90,,,,,,90,,,,,,,,,,,,,,,,,,,,,,,,,,,,,,,
132,Solly March,Brighton,,,,19,,,,,,,,,,,,,,,,,2,,,,,,,,,,,,,,,,,,,,,,,,,,,,,,,
133,Adrian Mazilu,Brighton,,,,,,,,,,,,,,,,,,,,,,,,,,,,,,,,,,,,,,,,,,,,,,,,,,,,
134,James Milner,Brighton,,,,,,,,,,,,,,,,,,,,,,,,,,,,,,,,,,,,,,,,,,,,,,,,,,,,
135,Yankuba Minteh,Brighton,,,,71,,,,,,,,,,,90,,,,,,69,,,,,,,,,,,,,,,,,,120,,,,,,,,,,,,,
136,Mitoma Kaoru,Brighton,,,,90,,,,,,,,,,,90,,,,,,91,,,,,,,,,,76,,,,,,,,72,,,,,,,,,,,,,
137,Jakub Moder,Brighton,,,,11,,,,,,,,,,,,,,,,,,,,,,,,,,,,,,,,,,,,,,,,,,,,,,,,
138,Mark O’Mahony,Brighton,,,,,,,,,,,,,,,,,,,,,,,,,,,,,,,,,,,,,,,,,,,,,,,,,,,,
139,Odeluga Offiah,Brighton,,,,,,,,,,,,,,,,,,,,,,,,,,,,,,,,,,,,,,,,,,,,,,,,,,,,
140,Cameron Peupion,Brighton,,,,,,,,,,,,,,,,,,,,,,,,,,,,,,,,,,,,,,,,,,,,,,,,,,,,
141,Jeremy Sarmiento Morante,Brighton,,,,,,,,,,,,,,,,,,,,,,,,,,,,,,,,,,,,,,,,,,,,,,,,,,,,
142,Jason Steele,Brighton,,,,90,,,,,,,,,,,,,,,,,,,,,,,,,,,,,,,,,,,,,,,,,,,,,,,,
143,Deniz Undav,Brighton,,,,,,,,,,,,,,,,,,,,,,,,,,,,,,,,,,,,,,,,,,,,,,,,,,,,
144,Jan Paul van Hecke,Brighton,,,,90,,,,,,,,,,,90,,,,,,90,,,,,,,,,,,90,,,90,,,,120,,,,,,,,,,,,,
145,Joël Veltman,Brighton,,,,79,,,,,,,,,,,90,,,,,,,,,,,,,,,,,,,,,,,,,,,,,,,,,,,,,
146,Bart Verbruggen,Brighton,,,,,,,,,,,,,,,90,,,,,,90,,,,,,,,,,,90,,,90,,,,120,,,,,,,,,,,,,
147,Adam Webster,Brighton,,,,71,,,,,,,,,,,44,,,,,,90,,,,,,,,,,,,,,,,,,90,,,,,,,,,,,,,
148,Danny Welbeck,Brighton,,,,27,,,,,,,,,,,89,,,,,,12,,,,,,,,,,,,,,,,,,72,,,,,,,,,,,,,
149,Mats Wieffer,Brighton,,,,,,,,,,,,,,,,,,,,,12,,,,,,,,,,,,,,,,,,,,,,,,,,,,,,,
595,Brajan Gruda,Brighton,,,,27,,,,,,,,,,,,,,,,,22,,,,,,,,,,,,,,,,,,45,,,,,,,,,,,,,
600,Yasin Ayari,Brighton,,,,90,,,,,,,,,,,15,,,,,,,,,,,,,,,,,,,,,,,,80,,,,,,,,,,,,,
601,Andrew Moran,Brighton,,,,,,,,,,,,,,,,,,,,,,,,,,,,,,,,,,,,,,,,,,,,,,,,,,,,
615,Carl Rushworth,Brighton,,,,,,,,,,,,,,,,,,,,,,,,,,,,,,,,,,,,,,,,,,,,,,,,,,,,
618,Georginio Rutter,Brighton,,,,63,,,,,,,,,,,75,,,,,,80,,,,,,,,,,,,,,,,,,75,,,,,,,,,,,,,
628,Ferdi Kadioglu,Brighton,,,,,,,,,,,,,,,,,,,,,,,,,,,,,,,,,,,,,,,,,,,,,,,,,,,,
629,Matt O'Riley,Brighton,,,,,,,,,,,,,,,5,,,,,,,,,,,,,,,,,,,,,,,,,,,,,,,,,,,,,
663,Imari Samuels,Brighton,,,,,,,,,,,,,,,,,,,,,,,,,,,,,,,,,,,,,,,,,,,,,,,,,,,,
668,Killian Cahill,Brighton,,,,,,,,,,,,,,,,,,,,,,,,,,,,,,,,,,,,,,,,,,,,,,,,,,,,
681,Ruairi McConville,Brighton,,,,19,,,,,,,,,,,,,,,,,,,,,,,,,,,,,,,,,,,,,,,,,,,,,,,,
685,Jacob Slater,Brighton,,,,,,,,,,,,,,,,,,,,,,,,,,,,,,,,,,,,,,,,,,,,,,,,,,,,
714,Diego Gómez,Brighton,,,,,,,,,,,,,,,22,,,,,,22,,,,,,,,,,,,,,,,92,,40,,,,,,,,,,,,,
150,Andrey Nascimento dos Santos,Chelsea,,,,,,,,,,,,,,,,,,,,,,,,,,,,,,,,,,,,,,,,,,,,,,,,,,,,
151,Ângelo Gabriel Borges Damaceno,Chelsea,,,,,,,,,,,,,,,,,,,,,,,,,,,,,,,,,,,,,,,,,,,,,,,,,,,,
153,Benoît Badiashile,Chelsea,,,,,,,,,,,,,,,,,,,,,,,,,,46,,,90,,,,,,,,,,,,,94,,,94,,,93,,93,,
154,Lucas Bergström,Chelsea,,,,,,,,,,,,,,,,,,,,,,,,,,,,,,,,,,,,,,,,,,,,,,,,,,,,
155,Marcus Bettinelli,Chelsea,,,,,,,,,,,,,,,,,,,,,,,,,,,,,,,,,,,,,,,,,,,,,,,,,,,,
157,Moisés Caicedo Corozo,Chelsea,,,,,,,,,,,,,,,90,,,,,,,,,,,46,,,79,,,,90,,,,90,,,,,,,,,,,47,,,,
158,Cesare Casadei,Chelsea,,,,,,,,,,,,,,,,,,,,,,,,,,,,,,,,,,,,,,,,,,,,,,,,,,,,
159,Trevoh Chalobah,Chelsea,,,,,,,,,,,,,,,90,,,,,,,,,,,90,,,90,,,,,,,,,,,,,,,,,,,47,,23,,
161,Carney Chukwuemeka,Chelsea,,,,,,,,,,,,,,,,,,,,,,,,,,,,,,,,,,,,,,,,,,,,,,,,,,,,
162,Levi Colwill,Chelsea,,,,,,,,,,,,,,,,,,,,,,,,,,46,,,,,,,,,,,,,,,,48,,,,,,,,,,
163,Marc Cucurella Saseta,Chelsea,,,,44,,,,,,,,,,,90,,,,,,,,,,,27,,,45,,,90,,,120,,,,,,,58,,,58,,,46,,46,,
164,David Datro Fofana,Chelsea,,,,,,,,,,,,,,,,,,,,,,,,,,,,,,,,,,,,,,,,,,,,,,,,,,,,
165,Deivid Washington de Souza Eugênio,Chelsea,,,,,,,,,,,,,,,,,,,,,,,,,,,,,,,,,,,,,,,,,,,,,,,,,,,,
166,Kiernan Dewsbury-Hall,Chelsea,,,,,,,,,,,,,,,58,,,,,,,,,,,90,,,90,,,,,,,,,,,,,94,,,94,,,93,,93,,
168,Enzo Fernández,Chelsea,,,,,,,,,,,,,,,32,,,,,,,,,,,46,,,45,,,,90,,,,90,,,,,,,,,,,46,,,,
169,Conor Gallagher,Chelsea,,,,,,,,,,,,,,,,,,,,,,,,,,,,,,,,,,,,,,,,,,,,,,,,,,,,
170,Alfie Gilchrist,Chelsea,,,,,,,,,,,,,,,,,,,,,,,,,,,,,,,,,,,,,,,,,,,,,,,,,,,,
171,Malo Gusto,Chelsea,,,,44,,,,,,,,,,,90,,,,,,,,,,,25,,,,,,,,,,,,,,,,75,,,36,,,,,93,,
172,Reece James,Chelsea,,,,46,,,,,,,,,,,,,,,,,,,,,,90,,,11,,,,5,,,90,,,,,,36,,,94,,,46,,70,,
173,Omari Kellyman,Chelsea,,,,,,,,,,,,,,,,,,,,,,,,,,,,,,,,,,,,,,,,,,,,,,,,,,,,
174,Roméo Lavia,Chelsea,,,,46,,,,,,,,,,,,,,,,,,,,,,,,,,,,,,,,,,,,,,,,,,,,,,,,
175,Romelu Lukaku Bolingoli,Chelsea,,,,,,,,,,,,,,,,,,,,,,,,,,,,,,,,,,,,,,,,,,,,,,,,,,,,
176,Malang Sarr,Chelsea,,,,,,,,,,,,,,,,,,,,,,,,,,,,,,,,,,,,,,,,,,,,,,,,,,,,
177,Noni Madueke,Chelsea,,,,,,,,,,,,,,,16,,,,,,,,,,,,,,,,,,,,,,,,,,,48,,,36,,,46,,,,
178,Marc Guiu Paz,Chelsea,,,,90,,,,,,,,,,,,,,,,,,,,,,,,,,,,,,,,,,,,,,,,,,,,,,,,
179,Mykhailo Mudryk,Chelsea,,,,,,,,,,,,,,,,,,,,,,,,,,,,,,,,,,,,,,,,,,,,,,,,,,,,
180,Nicolas Jackson,Chelsea,,,,,,,,,,,,,,,,,,,,,,,,,,,,,,,,,,,,,,,,,,,,,46,,,47,,,,
181,Christopher Nkunku,Chelsea,,,,90,,,,,,,,,,,90,,,,,,,,,,,46,,,25,,,,,,,,,,,,,94,,,94,,,,,,,
182,Cole Palmer,Chelsea,,,,,,,,,,,,,,,90,,,,,,,,,,,72,,,45,,,,,,,,,,,,,46,,,58,,,47,,,,
183,Đorđe Petrović,Chelsea,,,,,,,,,,,,,,,,,,,,,,,,,,,,,,,,,,,,,,,,,,,,,,,,,,,,
184,Renato Palma Veiga,Chelsea,,,,90,,,,,,,,,,,,,,,,,,,,,,,,,,,,,,,,,,,,,,,,,,,,,,,,
185,Robert Sánchez,Chelsea,,,,,,,,,,,,,,,90,,,,,,,,,,,90,,,,,,,,,,,,,,,,,,,,,,,,,,
187,Tosin Adarabioyo,Chelsea,,,,90,,,,,,,,,,,90,,,,,,,,,,,90,,,90,,,,,,,,,,,,,46,,,94,,,93,,93,,
189,Wesley Fofana,Chelsea,,,,,,,,,,,,,,,,,,,,,,,,,,,,,,,,,,,,,,,,,,,,,,,,,,,,
386,Jadon Sancho,Chelsea,,,,44,,,,,,,,,,,74,,,,,,,,,,,14,,,65,,,,,,,,,,,,,94,,,83,,,93,,70,,
560,Pedro Lomba Neto,Chelsea,,,,46,,,,,,,,,,,74,,,,,,,,,,,,,,90,,,90,,,,,,,,,,,,,11,,,,,,,
575,Caleb Wiley,Chelsea,,,,,,,,,,,,,,,,,,,,,,,,,,,,,,,,,,,,,,,,,,,,,,,,,,,,
581,Filip Jørgensen,Chelsea,,,,90,,,,,,,,,,,,,,,,,,,,,,,,,90,,,,,,,,,,,,,94,,,94,,,93,,93,,
621,João Félix Sequeira,Chelsea,,,,90,,,,,,,,,,,,,,,,,,,,,,,,,,,,,,,,,,,,,,,,,,,,,,,,
695,Samuel Rak-Sakyi,Chelsea,,,,,,,,,,,,,,,,,,,,,,,,,,,,,,,,,,,,,,,,,,,,,,,,,,,,
696,Tyrique George,Chelsea,,,,,,,,,,,,,,,16,,,,,,,,,,,90,,,90,,,,,,,,,,,,,75,,,48,,,88,,93,,
697,Josh Acheampong,Chelsea,,,,,,,,,,,,,,,,,,,,,,,,,,,,,45,,,,,,,,,,,,,94,,,94,,,93,,93,,
781,Shumaira Mheuka,Chelsea,,,,,,,,,,,,,,,,,,,,,,,,,,46,,,,,,,,,,,,,,,,,,,,,,,,47,,
11,Eddie Nketiah,Crystal Palace,,,,,90,,,,,,,,,,,,,,,80,,,,,,,,,,,,,,,,,,22,,,,,,,,19,,,,,16,
190,Naouirou Ahamada,Crystal Palace,,,,,,,,,,,,,,,,,,,,,,,,,,,,,,,,,,,,,,,,,,,,,,,,,,,,
193,Cheick Doucouré,Crystal Palace,,,,,,,,,,,,,,,,,,,,,,,,,,,,,,,,,,,,,,,,,,,,,,,,,,,,
194,Chris Richards,Crystal Palace,,,,,90,,,,,,,,,,,,90,,,90,,,,,,,,,,,,,,,,,,90,,,,,,,,98,,,,,94,
195,Chadi Riad Dnanou,Crystal Palace,,,,,90,,,,,,,,,,,,,,,,,,,,,,,,,,,,,,,,,,,,,,,,,,,,,,,
196,Nathaniel Clyne,Crystal Palace,,,,,77,,,,,,,,,,,,,,,5,,,,,,,,,,,,,,,,,,5,,,,,,,,,,,,,,
197,Malcolm Ebiowei,Crystal Palace,,,,,,,,,,,,,,,,,,,,,,,,,,,,,,,,,,,,,,,,,,,,,,,,,,,,
199,Eberechi Eze,Crystal Palace,,,,,90,,,,,,,,,,,,,,,85,,,,,,,,,,,,,,,,29,,90,,,,,,,,88,,,,,94,
200,Marc Guéhi,Crystal Palace,,,,,90,,,,,,,,,,,,90,,,90,,,,,,,,,,,,,,,,90,,90,,,,,,,,98,,,,,61,
201,Dean Henderson,Crystal Palace,,,,,,,,,,,,,,,,,,,,,,,,,,,,,,,,,,,,,,90,,,,,,,,98,,,,,94,
202,Rob Holding,Crystal Palace,,,,,,,,,,,,,,,,,,,,,,,,,,,,,,,,,,,,,,,,,,,,,,,,,,,,
203,Will Hughes,Crystal Palace,,,,,,,,,,,,,,,,,90,,,65,,,,,,,,,,,,,,,,,,,,,,,,,,10,,,,,7,
205,Daichi Kamada,Crystal Palace,,,,,90,,,,,,,,,,,,90,,,,,,,,,,,,,,,,,,,,,22,,,,,,,,98,,,,,94,
206,Jefferson Lerma Solís,Crystal Palace,,,,,90,,,,,,,,,,,,28,,,90,,,,,,,,,,,,90,,,,,90,90,,,,,,,,10,,,,,33,
207,Jean-Philippe Mateta,Crystal Palace,,,,,,,,,,,,,,,,,90,,,15,,,,,,,,,,,,,,,,,,70,,,,,,,,79,,,,,78,
208,Matheus França de Oliveira,Crystal Palace,,,,,,,,,,,,,,,,,1,,,10,,,,,,,,,,,,,,,,,,2,,,,,,,,,,,,,,
209,Remi Matthews,Crystal Palace,,,,,,,,,,,,,,,,,,,,,,,,,,,,,,,,,,,,,,,,,,,,,,,,,,,,
210,Tyrick Mitchell,Crystal Palace,,,,,,,,,,,,,,,,,46,,,,,,,,,,,,,,,,,,,,,90,,,,,,,,84,,,,,94,
211,Daniel Muñoz,Crystal Palace,,,,,90,,,,,,,,,,,,90,,,90,,,,,,,,,,,,90,,,,,90,87,,,,,,,,98,,,,,94,
212,David Ozoh,Crystal Palace,,,,,,,,,,,,,,,,,,,,,,,,,,,,,,,,,,,,,,,,,,,,,,,,,,,,
213,Jesurun Rak-Sakyi,Crystal Palace,,,,,,,,,,,,,,,,,,,,,,,,,,,,,,,,,,,,,,,,,,,,,,,,,,,,
214,Jeffrey Schlupp,Crystal Palace,,,,,13,,,,,,,,,,,,,,,,,,,,,,,,,,,,,,,,,,,,,,,,,,,,,,,
215,Joel Ward,Crystal Palace,,,,,,,,,,,,,,,,,,,,,,,,,,,,,,,,,,,,,,,,,,,,,,,,,,,,
216,Adam Wharton,Crystal Palace,,,,,,,,,,,,,,,,,62,,,30,,,,,,,,,,,,,,,,,,70,,,,,,,,88,,,,,87,
445,Matt Turner,Crystal Palace,,,,,90,,,,,,,,,,,,90,,,90,,,,,,,,,,,,,,,,,,,,,,,,,,,,,,,,
585,Ismaïla Sarr,Crystal Palace,,,,,64,,,,,,,,,,,,,,,65,,,,,,,,,,,,,,73,,,18,87,,,,,,,,98,,,,,94,
644,Franco Umeh-Chibueze,Crystal Palace,,,,,,,,,,,,,,,,,,,,,,,,,,,,,,,,,,,,,,,,,,,,,,,,,,,,
645,Justin Devenny,Crystal Palace,,,,,26,,,,,,,,,,,,62,,,5,,,,,,,,,,,,,,,,,,5,,,,,,,,,,,,,,
646,Asher Agbinone,Crystal Palace,,,,,,,,,,,,,,,,,,,,,,,,,,,,,,,,,,,,,,,,,,,,,,,,,,,,
647,Kaden Rodney,Crystal Palace,,,,,,,,,,,,,,,,,,,,,,,,,,,,,,,,,,,,,,,,,,,,,,,,,,,,
650,Maxence Lacroix,Crystal Palace,,,,,,,,,,,,,,,,,90,,,90,,,,,,,,,,,,,,,,,,90,,,,,,,,98,,,,,94,
666,Caleb Kporha,Crystal Palace,,,,,,,,,,,,,,,,,1,,,,,,,,,,,,,,,,,,,,,,,,,,,,,,,,,,,
676,Zach Marsh,Crystal Palace,,,,,,,,,,,,,,,,,,,,,,,,,,,,,,,,,,,,,,,,,,,,,,,,,,,,
730,Romain Esse,Crystal Palace,,,,,,,,,,,,,,,,,28,,,30,,,,,,,,,,,,,,,,,,,,,,,,,,,,,,,,
160,Ben Chilwell,Crystal Palace,,,,,,,,,,,,,,,,,44,,,90,,,,,,,,,,,,,,,,,,,,,,,,,,14,,,,,,
156,Armando Broja,Everton,,,22,,,,,,,,,,,,,,,,,,,,,,,,,,,,,,,,,,,,,,,,,,,,,,,,,
217,Abdoulaye DoucourÃ©,Everton,,,1,,,,,,,,,,,65,,,,,,,,,,,,,,,,,,,,,,,,,,,,,,,,,,,,,,
218,Norberto Bercique Gomes Betuncal,Everton,,,68,,,,,,,,,,,90,,,,,,,,,,,,,,,,,,,,,,,,,,,,,,,,,,,,,,
219,Jarrad Branthwaite,Everton,,,90,,,,,,,,,,,90,,,,,,,,,,,,,,,,,,,,,,,,,,,,,,,,,,,,,,
220,Dominic Calvert-Lewin,Everton,,,,,,,,,,,,,,,,,,,,,,,,,,,,,,,,,,,,,,,,,,,,,,,,,,,,
221,SÃ©amus Coleman,Everton,,,,,,,,,,,,,,,,,,,,,,,,,,,,,,,,,,,,,,,,,,,,,,,,,,,,
222,Idrissa Gueye,Everton,,,90,,,,,,,,,,,84,,,,,,,,,,,,,,,,,,,,90,,,90,,,,,,,,,,,,,,,
223,James Garner,Everton,,,,,,,,,,,,,,74,,,,,,,,,,,,,,,,,,,,,,,,,,,,,,,,,,,,,,
224,Jack Harrison,Everton,,,22,,,,,,,,,,,25,,,,,,,,,,,,,,,,,,,,,,,,,,,,,,,,,,,,,,
225,Mason Holgate,Everton,,,,,,,,,,,,,,,,,,,,,,,,,,,,,,,,,,,,,,,,,,,,,,,,,,,,
226,Tim Iroegbunam,Everton,,,,,,,,,,,,,,16,,,,,,,,,,,,,,,,,,,,,,,,,,,,,,,,,,,,,,
227,JoÃ£o Neves VirgÃ­nia,Everton,,,90,,,,,,,,,,,,,,,,,,,,,,,,,,,,,,,,,,,,,,,,,,,,,,,,,
228,Michael Keane,Everton,,,90,,,,,,,,,,,6,,,,,,,,,,,,,,,,,,,,,,,,,,,,,,,,,,,,,,
229,Neal Maupay,Everton,,,,,,,,,,,,,,,,,,,,,,,,,,,,,,,,,,,,,,,,,,,,,,,,,,,,
230,Dwight McNeil,Everton,,,,,,,,,,,,,,,,,,,,,,,,,,,,,,,,,,,,,,,,,,,,,,,,,,,,
231,Vitalii Mykolenko,Everton,,,90,,,,,,,,,,,,,,,,,,,,,,,,,,,,,90,,,69,,,,,,,,,,,,,,,,,
232,Iliman Ndiaye,Everton,,,90,,,,,,,,,,,90,,,,,,,,,,,,,,,,,,,,,,,,,,,,,,,,,,,,,,
234,Nathan Patterson,Everton,,,73,,,,,,,,,,,,,,,,,,,,,,,,,,,,,,,,,,,,,,,,,,,,,,,,,
235,Jordan Pickford,Everton,,,,,,,,,,,,,,90,,,,,,,,,,,,,,,,,,,90,,,90,,,,,,,,,,,,,,,,
236,James Tarkowski,Everton,,,,,,,,,,,,,,90,,,,,,,,,,,,,,,,,,,,,,,,,,,,,,,,,,,,,,
237,Youssef Ramalho Chermiti,Everton,,,,,,,,,,,,,,,,,,,,,,,,,,,,,,,,,,,,,,,,,,,,,,,,,,,,
238,Ashley Young,Everton,,,17,,,,,,,,,,,90,,,,,,,,,,,,,,,,,,,,,,,,,,,,,,,,,,,,,,
577,Jesper LindstrÃ¸m,Everton,,,1,,,,,,,,,,,65,,,,,,,,,,,,,,,,,,69,,,65,,,,,,,,,,,,,,,,,
582,Jake O'Brien,Everton,,,90,,,,,,,,,,,90,,,,,,,,,,,,,,,,,,,,,,,,,,,,,,,,,,,,,,
603,Harrison Armstrong,Everton,,,68,,,,,,,,,,,,,,,,,,,,,,,,,,,,,,,,,,,,,,,,,,,,,,,,,
614,Jenson Metcalfe,Everton,,,,,,,,,,,,,,,,,,,,,,,,,,,,,,,,,,,,,,,,,,,,,,,,,,,,
624,Asmir Begovic,Everton,,,,,,,,,,,,,,,,,,,,,,,,,,,,,,,,,,,,,,,,,,,,,,,,,,,,
627,Roman Dixon,Everton,,,,,,,,,,,,,,,,,,,,,,,,,,,,,,,,,,,,,,,,,,,,,,,,,,,,
651,Orel Mangala,Everton,,,89,,,,,,,,,,,,,,,,,,,,,,,,,,,,,,,,,,,,,,,,,,,,,,,,,
450,Carlos Alcaraz DurÃ¡n,Everton,,,,,,,,,,,,,,25,,,,,,,,,,,,,,,,,,,,,,,,,,,,,,,,,,,,,,
678,Callum Bates,Everton,,,,,,,,,,,,,,,,,,,,,,,,,,,,,,,,,,,,,,,,,,,,,,,,,,,,
10,Reiss Nelson,Fulham,,,,,,,,,,,,,,,,,,,,,,,,,,,,,,,,,,,,,,,,,,,,,,,,,,,,
19,Emile Smith Rowe,Fulham,,,66,,,,,,,,,,,4,,,,,,,,67,,,,,,,,,,,,,,,,29,,,,,,,,,,,,,,
191,Joachim Andersen,Fulham,,,66,,,,,,,,,,,,,,,,,,,120,,,,,,,,,,90,,,120,,,90,,,,,,,,,,,,,,
239,Adama Traoré,Fulham,,,90,,,,,,,,,,,15,,,,,,,,53,,,,,,,,,,,,,,,,29,,,,,,,,,,,,,,
240,Andreas Hoelgebaum Pereira,Fulham,,,90,,,,,,,,,,,75,,,,,,,,93,,,,,,,,,,,,,,,,63,,,,,,,,,,,,,,
241,Calvin Bassey,Fulham,,,,,,,,,,,,,,,,,,,,,,120,,,,,,,,,,,90,,,,90,90,,,,,,,,,,,,,,
242,Steven Benda,Fulham,,,90,,,,,,,,,,,90,,,,,,,,,,,,,,,,,,,,,,,,,,,,,,,,,,,,,,
243,Tom Cairney,Fulham,,,,,,,,,,,,,,85,,,,,,,,,,,,,,,,,,,,,,,,10,,,,,,,,,,,,,,
244,Timothy Castagne,Fulham,,,90,,,,,,,,,,,90,,,,,,,,120,,,,,,,,,,,,,90,,,90,,,,,,,,,,,,,,
245,Issa Diop,Fulham,,,24,,,,,,,,,,,90,,,,,,,,,,,,,,,,,,,,,,,,,,,,,,,,,,,,,,
246,Luke Harris,Fulham,,,,,,,,,,,,,,,,,,,,,,,,,,,,,,,,,,,,,,,,,,,,,,,,,,,,
247,Alex Iwobi,Fulham,,,66,,,,,,,,,,,15,,,,,,,,107,,,,,,,,,,,90,,,,76,82,,,,,,,,,,,,,,
248,Bernd Leno,Fulham,,,,,,,,,,,,,,,,,,,,,,120,,,,,,,,,,,,,,,,90,,,,,,,,,,,,,,
249,Saša Lukić,Fulham,,,77,,,,,,,,,,,,,,,,,,,101,,,,,,,,,,,,,,,,63,,,,,,,,,,,,,,
250,Kevin Mbabu,Fulham,,,,,,,,,,,,,,,,,,,,,,,,,,,,,,,,,,,,,,,,,,,,,,,,,,,,
251,Rodrigo Muniz Carvalho,Fulham,,,46,,,,,,,,,,,90,,,,,,,,93,,,,,,,,,,,,,,,,90,,,,,,,,,,,,,,
252,Raúl Jiménez,Fulham,,,44,,,,,,,,,,,,,,,,,,,30,,,,,,,,,,,,,,,,21,,,,,,,,,,,,,,
253,Tim Ream,Fulham,,,,,,,,,,,,,,,,,,,,,,,,,,,,,,,,,,,,,,,,,,,,,,,,,,,,
254,Harrison Reed,Fulham,,,13,,,,,,,,,,,90,,,,,,,,29,,,,,,,,,,,,,,,,,,,,,,,,,,,,,,
255,Antonee Robinson,Fulham,,,,,,,,,,,,,,,,,,,,,,120,,,,,,,,,,,,,,,,71,,,,,,,,,,,,,,
256,Jay Stansfield,Fulham,,,,,,,,,,,,,,,,,,,,,,,,,,,,,,,,,,,,,,,,,,,,,,,,,,,,
257,Kenny Tete,Fulham,,,,,,,,,,,,,,,,,,,,,,,,,,,,,,,,,,,,,,,,,,,,,,,,,,,,
258,Carlos Vinícius Alves Morais,Fulham,,,,,,,,,,,,,,4,,,,,,,,,,,,,,,,,,,,,,,,,,,,,,,,,,,,,,
259,Harry Wilson,Fulham,,,,,,,,,,,,,,,,,,,,,,,,,,,,,,,,,,,,,,,,,,,,,,,,,,,,
579,Ryan Sessegnon,Fulham,,,90,,,,,,,,,,,90,,,,,,,,23,,,,,,,,,,,,,,,,21,,,,,,,,,,,,,,
586,Jorge Cuenca Barreno,Fulham,,,90,,,,,,,,,,,90,,,,,,,,,,,,,,,,,,,,,,,,,,,,,,,,,,,,,,
604,Josh King,Fulham,,,24,,,,,,,,,,,86,,,,,,,,,,,,,,,,,,,,,,,,,,,,,,,,,,,,,,
605,Martial Godo,Fulham,,,24,,,,,,,,,,,75,,,,,,,,,,,,,,,,,,,,,,,,,,,,,,,,,,,,,,
622,Sander Berge,Fulham,,,,,,,,,,,,,,5,,,,,,,,120,,,,,,,,,,,,,,,,90,,,,,,,,,,,,,,
690,Samuel Amissah,Fulham,,,,,,,,,,,,,,,,,,,,,,,,,,,,,,,,,,,,,,,,,,,,,,,,,,,,
260,Ali Al-Hamadi,Ipswich,,,,,73,,,,,,,,,,,,,,,,,,,,,,,,,,,,,,,,,,,,,,,,,,,,,,,
261,Elkan Baggott,Ipswich,,,,,,,,,,,,,,,,,,,,,,,,,,,,,,,,,,,,,,,,,,,,,,,,,,,,
262,Nathan Broadhead,Ipswich,,,,,17,,,,,,,,,55,,,,,,,,,67,,,,,,,,,,,,,,75,,,,,,,,,,,,,,,
263,Cameron Burgess,Ipswich,,,,,90,,,,,,,,,90,,,,,,,,,46,,,,,,,,,,,,,,,,,,,,,,,,,,,,,
264,Wes Burns,Ipswich,,,,,46,,,,,,,,,,,,,,,,,,,,,,,,,,,,,,,,,,,,,,,,,,,,,,,
265,Conor Chaplin,Ipswich,,,,,,,,,,,,,,,,,,,,,,,,,,,,,,,,,,,,,,,,,,,,,,,,,,,,
266,Harry Clarke,Ipswich,,,,,17,,,,,,,,,,,,,,,,,,,,,,,,,,,,,,,,,,,,,,,,,,,,,,,
267,Leif Davis,Ipswich,,,,,,,,,,,,,,,,,,,,,,,,,,,,,,,,,,,,,,,,,,,,,,,,,,,,
268,Liam Delap,Ipswich,,,,,,,,,,,,,,11,,,,,,,,,2,,,,,,,,,,,,,,,,,,,,,,,,,,,,,
269,George Edmundson,Ipswich,,,,,,,,,,,,,,,,,,,,,,,,,,,,,,,,,,,,,,,,,,,,,,,,,,,,
270,Jacob Greaves,Ipswich,,,,,,,,,,,,,,,,,,,,,,,46,,,,,,,,,,,,,,,,,,,,,,,,,,,,,
271,Marcus Myers-Harness,Ipswich,,,,,,,,,,,,,,,,,,,,,,,,,,,,,,,,,,,,,,,,,,,,,,,,,,,,
272,George Hirst,Ipswich,,,,,17,,,,,,,,,79,,,,,,,,,92,,,,,,,,,15,,,35,,,,,,,,,,,,,,,,,
273,Cameron Humphreys,Ipswich,,,,,,,,,,,,,,,,,,,,,,,,,,,,,,,,,,,,,,,,,,,,,,,,,,,,
274,Omari Giraud-Hutchinson,Ipswich,,,,,,,,,,,,,,,,,,,,,,,,,,,,,,,,,,,,,,,,,,,,,,,,,,,,
275,Ben Johnson,Ipswich,,,,,44,,,,,,,,,11,,,,,,,,,90,,,,,,,,,,,,,,,,,,,,,,,,,,,,,
276,Freddie Ladapo,Ipswich,,,,,,,,,,,,,,,,,,,,,,,,,,,,,,,,,,,,,,,,,,,,,,,,,,,,
277,Massimo Luongo,Ipswich,,,,,90,,,,,,,,,22,,,,,,,,,67,,,,,,,,,,,,,,,,,,,,,,,,,,,,,
278,Sam Morsy,Ipswich,,,,,,,,,,,,,,,,,,,,,,,90,,,,,,,,,,,,,,,,,,,,,,,,,,,,,
279,Corrie Ndaba,Ipswich,,,,,,,,,,,,,,,,,,,,,,,,,,,,,,,,,,,,,,,,,,,,,,,,,,,,
280,Cieran Slicker,Ipswich,,,,,9,,,,,,,,,,,,,,,,,,,,,,,,,,,,,,,,,,,,,,,,,,,,,,,
281,Jack Taylor,Ipswich,,,,,73,,,,,,,,,79,,,,,,,,,90,,,,,,,,,,,,,,,,,,,,,,,,,,,,,
282,Axel Tuanzebe,Ipswich,,,,,,,,,,,,,,,,,,,,,,,46,,,,,,,,,,,,,,,,,,,,,,,,,,,,,
283,Christian Walton,Ipswich,,,,,,,,,,,,,,,,,,,,,,,,,,,,,,,,,,,,,,,,,,,,,,,,,,,,
284,Luke Woolfenden,Ipswich,,,,,90,,,,,,,,,90,,,,,,,,,90,,,,,,,,,,,,,,,,,,,,,,,,,,,,,
359,Kalvin Phillips,Ipswich,,,,,90,,,,,,,,,68,,,,,,,,,,,,,,,,,,,,,,,,,,,,,,,,,,,,,,
568,Arijanet Muric,Ipswich,,,,,81,,,,,,,,,,,,,,,,,,,,,,,,,,,,,,,,,,,,,,,,,,,,,,,
583,Conor Townsend,Ipswich,,,,,90,,,,,,,,,90,,,,,,,,,90,,,,,,,,,,,,,,,,,,,,,,,,,,,,,
611,Sam Szmodics,Ipswich,,,,,,,,,,,,,,35,,,,,,,,,,,,,,,,,,,,,,,,,,,,,,,,,,,,,,
619,Jens Cajuste,Ipswich,,,,,,,,,,,,,,66,,,,,,,,,25,,,,,,,,,,,,,,,,,,,,,,,,,,,,,
630,Dara O'Shea,Ipswich,,,,,,,,,,,,,,,,,,,,,,,46,,,,,,,,,,,,,,,,,,,,,,,,,,,,,
631,Jack Clarke,Ipswich,,,,,90,,,,,,,,,90,,,,,,,,,25,,,,,,,,,,,,,,,,,,,,,,,,,,,,,
632,Chiedozie Ogbene,Ipswich,,,,,,,,,,,,,,,,,,,,,,,,,,,,,,,,,,,,,,,,,,,,,,,,,,,,
715,Ben Godfrey,Ipswich,,,,,73,,,,,,,,,90,,,,,,,,,,,,,,,,,,,,,,,,,,,,,,,,,,,,,,
569,Jaden Philogene,Ipswich,,,,,,,,,,,,,,79,,,,,,,,,,,,,,,,,,,,,,,,,,,,,,,,,,,,,,
764,Alex Palmer,Ipswich,,,,,,,,,,,,,,90,,,,,,,,,90,,,,,,,,,,,,,,,,,,,,,,,,,,,,,
117,Facundo Buonanotte,Leicester,,,,81,,,,,,,,,,9,,,,,,,,,,,,,,,,,,,,,,,,,,,,,,,,,,,,,,
192,Jordan Ayew,Leicester,,,,30,,,,,,,,,,90,,,,,,,,,,,,,,,,,,,79,,,90,,,,,,,,,,,,,,,,
198,Odsonne Edouard,Leicester,,,,,,,,,,,,,,,,,,,,,,,,,,,,,,,,,,,,,,,,,,,,,,,,,,,,
285,Boubakary SoumarÃ©,Leicester,,,,90,,,,,,,,,,90,,,,,,,,,,,,,,,,,,,,,,,,,,,,,,,,,,,,,,
286,Tom Cannon,Leicester,,,,,,,,,,,,,,,,,,,,,,,,,,,,,,,,,,,,,,,,,,,,,,,,,,,,
287,Hamza Choudhury,Leicester,,,,,,,,,,,,,,,,,,,,,,,,,,,,,,,,,,,,,,,,,,,,,,,,,,,,
288,Conor Coady,Leicester,,,,90,,,,,,,,,,,,,,,,,,,,,,,,,,,,,,,,,,,,,,,,,,,,,,,,
289,Patson Daka,Leicester,,,,30,,,,,,,,,,81,,,,,,,,,,,,,,,,,,,,,,,,,,,,,,,,,,,,,,
290,Bobby De Cordova-Reid,Leicester,,,,9,,,,,,,,,,73,,,,,,,,,,,,,,,,,,,,,,,,,,,,,,,,,,,,,,
291,Wout Faes,Leicester,,,,90,,,,,,,,,,90,,,,,,,,,,,,,,,,,,,,,90,,,,,,,,,,,,,,,,,
292,Michael Golding,Leicester,,,,,,,,,,,,,,,,,,,,,,,,,,,,,,,,,,,,,,,,,,,,,,,,,,,,
293,Mads Hermansen,Leicester,,,,,,,,,,,,,,90,,,,,,,,,,,,,,,,,,,,,,,,,,,,,,,,,,,,,,
294,Daniel Iversen,Leicester,,,,,,,,,,,,,,,,,,,,,,,,,,,,,,,,,,,,,,,,,,,,,,,,,,,,
295,James Justin,Leicester,,,,90,,,,,,,,,,90,,,,,,,,,,,,,,,,,,,,,,,,,,,,,,,,,,,,,,
296,Victor Kristiansen,Leicester,,,,90,,,,,,,,,,,,,,,,,,,,,,,,,,,,,,,,,,,,,,,,,,,,,,,,
297,Wanya MarÃ§al-MadivÃ¡dua,Leicester,,,,,,,,,,,,,,,,,,,,,,,,,,,,,,,,,,,,,,,,,,,,,,,,,,,,
298,Stephy Mavididi,Leicester,,,,66,,,,,,,,,,,,,,,,,,,,,,,,,,,,,,,,,,,,,,,,,,,,,,,,
299,Kasey McAteer,Leicester,,,,24,,,,,,,,,,17,,,,,,,,,,,,,,,,,,,,,,,,,,,,,,,,,,,,,,
300,Wilfred Ndidi,Leicester,,,,,,,,,,,,,,58,,,,,,,,,,,,,,,,,,,90,,,,90,,,,,,,,,,,,,,,
301,Caleb Okoli,Leicester,,,,,,,,,,,,,,90,,,,,,,,,,,,,,,,,,,,,,,,,,,,,,,,,,,,,,
302,Ricardo Barbosa Pereira,Leicester,,,,,,,,,,,,,,,,,,,,,,,,,,,,,,,,,,,,,,,,,,,,,,,,,,,,
303,Harry Souttar,Leicester,,,,,,,,,,,,,,,,,,,,,,,,,,,,,,,,,,,,,,,,,,,,,,,,,,,,
304,Jakub Stolarczyk,Leicester,,,,90,,,,,,,,,,,,,,,,,,,,,,,,,,,,,,,,,,,,,,,,,,,,,,,,
305,Luke Thomas,Leicester,,,,,,,,,,,,,,58,,,,,,,,,,,,,,,,,,,,,,,,,,,,,,,,,,,,,,
306,Jamie Vardy,Leicester,,,,60,,,,,,,,,,,,,,,,,,,,,,,,,,,,,,,,,,,,,,,,,,,,,,,,
307,Jannik Vestergaard,Leicester,,,,,,,,,,,,,,,,,,,,,,,,,,,,,,,,90,,,120,,,,,,,,,,,,,,,,,
308,Danny Ward,Leicester,,,,,,,,,,,,,,,,,,,,,,,,,,,,,,,,,,,,,,,,,,,,,,,,,,,,
309,Harry Winks,Leicester,,,,60,,,,,,,,,,32,,,,,,,,,,,,,,,,,,,,,,,,,,,,,,,,,,,,,,
501,Oliver Skipp,Leicester,,,,30,,,,,,,,,,,,,,,,,,,,,,,,,,,,,,,,,,,,,,,,,,,,,,,,
570,Abdul Fatawu,Leicester,,,,,,,,,,,,,,,,,,,,,,,,,,,,,,,,,,,,,,,,,,,,,,,,,,,,
606,Will Alves,Leicester,,,,,,,,,,,,,,,,,,,,,,,,,,,,,,,,,,,,,,,,,,,,,,,,,,,,
616,Ben Nelson,Leicester,,,,,,,,,,,,,,,,,,,,,,,,,,,,,,,,,,,,,,,,,,,,,,,,,,,,
635,Bilal El Khannouss,Leicester,,,,60,,,,,,,,,,90,,,,,,,,,,,,,,,,,,,39,,,,,85,,,,,,,,,,,,,,
694,Henry Cartwright,Leicester,,,,,,,,,,,,,,,,,,,,,,,,,,,,,,,,,,,,,,,,,,,,,,,,,,,,
726,Woyo Coulibaly,Leicester,,,,,,,,,,,,,,32,,,,,,,,,,,,,,,,,,,,,,,,,,,,,,,,,,,,,,
708,Thomas Wilson-Brown,Leicester,,,,,,,,,,,,,,,,,,,,,,,,,,,,,,,,,,,,,,,,,,,,,,,,,,,,
310,Alisson Ramses Becker,Liverpool,,90,,,,,90,,,,,,,,,,,,,,,,,,90,,120,,,,,78,,,,,,,,,,,,,,,,,,,,
311,Trent Alexander-Arnold,Liverpool,,30,,60,,,4,,,,,,,,,,,,,,,,,,90,,73,,,,,,,,,,,,,,,,,,,,,,,,,
312,Stefan Bajčetić Maquieira,Liverpool,,,,,,,,,,,,,,,,,,,,,,,,,,,,,,,,,,,,,,,,,,,,,,,,,,,,
313,Conor Bradley,Liverpool,,60,,30,,,86,,,90,,,90,,,,,,,,,,,,,,,,,,,,,,,,,,,,,,,,,,,,,,,
315,Bobby Clark,Liverpool,,,,,,,,,,,,,,,,,,,,,,,,,,,,,,,,,,,,,,,,,,,,,,,,,,,,
316,Darwin Núñez Ribeiro,Liverpool,,30,,90,,,90,,,,,,72,,58,,,,,,,,,,23,,47,,,33,,,71,,,,45,,,,,,,,,,,,,,,
317,Diogo Teixeira da Silva,Liverpool,,60,,90,,,,,,,,,18,,90,,,,,,,,,,67,,73,,,57,,,,,58,,,,,,,,,,,,,,,,,
318,Ben Doak,Liverpool,,,,,,,,,,,,,,,,,,,,,,,,,,,,,,,,,,,,,,,,,,,,,,,,,,,,
319,Harvey Elliott,Liverpool,,,,90,,,44,,,90,,,8,,90,,,,,,,,,,4,,15,,,16,,,,,,,,,,,,,,,,,,,,,,
320,Endo Wataru,Liverpool,,60,,79,,,27,,,90,,,,,90,,,,,,,,,,11,,9,,,,90,,,,,72,,,,,,,,,,,,,,,,
321,Cody Gakpo,Liverpool,,60,,,,,,,,52,,,82,,,,,,,,,,,,,,18,,,23,,90,,,78,,,,,,,,,,,,,,,,,
322,Joe Gomez,Liverpool,,,,,,,,,,,,,,,11,,,,,,,,,,,,,,,,,,,,,,,,,,,,,,,,,,,,,
323,Ryan Gravenberch,Liverpool,,90,,,,,46,,,,,,90,,,,,,,,,,,,79,,120,,,74,,,,,,,,,,,,,,,,,,,,,,
324,Curtis Jones,Liverpool,,90,,,,,46,,,,,,72,,,,,,,,,,,,23,,30,,,33,,,74,,,11,,,,,,,,,,,,,,,,
325,Caoimhin Kelleher,Liverpool,,,,90,,,,,,90,,,90,,90,,,,,,,,,,,,,,,90,,90,,,90,,,,,,,,,,,,,,,,,
326,Ibrahima Konaté,Liverpool,,10,,,,,,,,,,,90,,,,,,,,,,,,90,,111,,,57,,45,,,,,,,,,,,,,,,,,,,,
327,Luis Díaz,Liverpool,,30,,,,,74,,,,,,8,,90,,,,,,,,,,67,,102,,,74,,90,,,,,90,,,,,,,,,,,,,,,
328,Mohamed Salah,Liverpool,,90,,,,,90,,,,,,82,,,,,,,,,,,,86,,120,,,90,,,90,,,,93,,,,,,,,,,,,,,,
329,Alexis Mac Allister,Liverpool,,80,,,,,44,,,,,,18,,,,,,,,,,,,90,,90,,,67,,,78,,,,75,,,,,,,,,,,,,,,
330,James McConnell,Liverpool,,,,30,,,,,,90,,,,,90,,,,,,,,,,,,,,,,,,,,,,,,,,,,,,,,,,,,,
331,Tyler Morton,Liverpool,,,,60,,,,,,38,,,,,,,,,,,,,,,,,,,,,,,,,,,,,,,,,,,,,,,,,,
332,Nathaniel Phillips,Liverpool,,,,,,,,,,,,,,,,,,,,,,,,,,,,,,,,,,,,,,,,,,,,,,,,,,,,
333,Jarell Quansah,Liverpool,,30,,90,,,90,,,90,,,3,,90,,,,,,,,,,,,47,,,90,,,,,,,,,,,,,,,,,,,,,,
334,Rhys Williams,Liverpool,,,,,,,,,,,,,,,,,,,,,,,,,,,,,,,,,,,,,,,,,,,,,,,,,,,,
335,Andrew Robertson,Liverpool,,,,,,,,,,64,,,90,,,,,,,,,,,,90,,120,,,90,,90,,,73,,,,,,,,,,,,,,,,,
336,Dominik Szoboszlai,Liverpool,,,,46,,,63,,,,,,90,,,,,,,,,,,,90,,105,,,90,,90,,,90,,,,,,,,,,,,,,,,,
337,Konstantinos Tsimikas,Liverpool,,90,,90,,,90,,,90,,,,,90,,,,,,,,,,,,,,,,,90,,,,,,,,,,,,,,,,,,,,
339,Virgil van Dijk,Liverpool,,90,,,,,90,,,,,,87,,,,,,,,,,,,90,,120,,,90,,90,,,90,,,,,,,,,,,,,,,,,
636,Federico Chiesa,Liverpool,,,,44,,,16,,,90,,,,,90,,,,,,,,,,,,,,,16,,,,,,,,,,,,,,,,,,,,,,
660,Vítezslav Jaros,Liverpool,,,,,,,,,,,,,,,,,,,,,,,,,,,,,,,,,,,,,,,,,,,,,,,,,,,,
669,Harvey Davies,Liverpool,,,,,,,,,,,,,,,,,,,,,,,,,,,,,,,,,,,,,,,,,,,,,,,,,,,,
688,Treymaurice Nyoni,Liverpool,,,,,,,,,,26,,,,,76,,,,,,,,,,,,,,,,,,,,,,,,,,,,,,,,,,,,,
692,Amara Nallo,Liverpool,,,,,,,,,,7,,,,,,,,,,,,,,,,,,,,,,,,,,,,,,,,,,,,,,,,,,
709,Jayden Danns,Liverpool,,,,,,,,,,83,,,,,,,,,,,,,,,,,,,,,,,,,,,,,,,,,,,,,,,,,,
340,Manuel Akanji,Man City,,,,,44,,,,,,,,,,,,,46,,,,,,,,,,,,,,,,,,,,,,,,,,,,,,,,,94,
341,Nathan Aké,Man City,,,,,46,,,,,,,,,,,,,61,82,,46,,,,,,,,,,,,,,,,,,,,,,,,,,,,,,,
342,Bernardo Veiga de Carvalho e Silva,Man City,,,,,,,,,,,,,,68,,,,90,90,,90,,,,,,,,,,,5,,,120,,,,90,,,,,,,95,,,,,88,
343,Oscar Bobb,Man City,,,,,,,,,,,,,,,,,,,,,,,,,,,,,,,,,,,,,,,,,,,,,,,,,,,,
344,Scott Carson,Man City,,,,,,,,,,,,,,,,,,,,,,,,,,,,,,,,,,,,,,,,,,,,,,,,,,,,
345,Kevin De Bruyne,Man City,,,,,74,,,,,,,,,18,,,,84,,,90,,,,,,,,,,,70,,,90,,,,90,,,,,,,,,,,,94,
346,Jérémy Doku,Man City,,,,,,,,,,,,,,,,,,,,,,,,,,,,,,,,,,,90,,,,,,,,,,,14,,,,,94,
347,Ederson Santana de Moraes,Man City,,,,,90,,,,,,,,,,,,,90,90,,,,,,,,,,,,,,,,,,,,90,,,,,,,,,,,,,
348,Phil Foden,Man City,,,,,35,,,,,,,,,18,,,,60,77,,83,,,,,,,,,,,,74,,,23,,,69,,,,,,,14,,,,,18,
349,Jack Grealish,Man City,,,,,90,,,,,,,,,90,,,,30,,,90,,,,,,,,,,,,,,,,,,21,,,,,,,71,,,,,,
350,Joško Gvardiol,Man City,,,,,,,,,,,,,,,,,,90,90,,,,,,,,,,,,,90,,,105,,,,90,,,,,,,95,,,,,94,
351,Erling Haaland,Man City,,,,,,,,,,,,,,,,,,90,,,31,,,,,,,,,,,,,76,,,90,,61,,,,,,,,,,,,94,
352,Julián Álvarez,Man City,,,,,,,,,,,,,,,,,,,,,,,,,,,,,,,,,,,,,,,,,,,,,,,,,,,,
353,João Cavaco Cancelo,Man City,,,,,,,,,,,,,,,,,,,,,,,,,,,,,,,,,,,,,,,,,,,,,,,,,,,,
354,Mateo Kovačić,Man City,,,,,16,,,,,,,,,,,,,29,13,,,,,,,,,,,,,90,,,82,,,,83,,,,,,,95,,,,,,
355,Rico Lewis,Man City,,,,,,,,,,,,,,90,,,,44,,,90,,,,,,,,,,,,,,,,,,,,,,,,,95,,,,,,
356,Matheus Luiz Nunes,Man City,,,,,90,,,,,,,,,,,,,,,,,,,,,,,,,,,,,,,,,,90,,,,,,,95,,,,,,
357,James McAtee,Man City,,,,,90,,,,,,,,,72,,,,,13,,59,,,,,,,,,,,,,,,,,,7,,,,,,,,,,,,,
358,Stefan Ortega Moreno,Man City,,,,,,,,,,,,,,90,,,,,,,90,,,,,,,,,,,,,,,,,,,,,,,,,95,,,,,94,
360,Rodrigo 'Rodri' Hernandez,Man City,,,,,,,,,,,,,,,,,,,,,,,,,,,,,,,,,,,,,,,,,,,,,,,,,,,,
361,Rúben Gato Alves Dias,Man City,,,,,,,,,,,,,,46,,,,90,90,,44,,,,,,,,,,,90,,,120,,,,90,,,,,,,95,,,,,94,
362,John Stones,Man City,,,,,,,,,,,,,,44,,,,90,8,,,,,,,,,,,,,,,,,,,,,,,,,,,,,,,,,
363,Kyle Walker,Man City,,,,,,,,,,,,,,,,,,,,,,,,,,,,,,,,,,,,,,,,,,,,,,,,,,,,
571,Sávio 'Savinho' Moreira de Oliveira,Man City,,,,,55,,,,,,,,,90,,,,84,90,,,,,,,,,,,,,12,,,,,23,,,,,,,,,81,,,,,76,
607,Nico O'Reilly,Man City,,,,,90,,,,,,,,,72,,,,,,,90,,,,,,,,,,,,,,,,,,44,,,,,,,95,,,,,94,
625,Ilkay Gündogan,Man City,,,,,90,,,,,,,,,90,,,,6,77,,90,,,,,,,,,,,,,,,,,,83,,,,,,,24,,,,,6,
626,Issa Kaboré,Man City,,,,,,,,,,,,,,,,,,,,,,,,,,,,,,,,,,,,,,,,,,,,,,,,,,,,
671,Jacob Wright,Man City,,,,,,,,,,,,,,,,,,,,,,,,,,,,,,,,,,,,,,,,,,,,,,,,,,,,
672,Jahmai Simpson-Pusey,Man City,,,,,90,,,,,,,,,,,,,,,,,,,,,,,,,,,,,,,,,,,,,,,,,,,,,,,
675,Josh Wilson-Esbrand,Man City,,,,,,,,,,,,,,,,,,,,,,,,,,,,,,,,,,,,,,,,,,,,,,,,,,,,
698,Divin Mubama,Man City,,,,,,,,,,,,,,,,,,,,,,,,,,,,,,,,,,,,,,,,,,,,,,,,,,,,
703,Max Alleyne,Man City,,,,,,,,,,,,,,,,,,,,,,,,,,,,,,,,,,,,,,,,,,,,,,,,,,,,
733,Vitor de Oliveira Nunes dos Reis,Man City,,,,,,,,,,,,,,46,,,,,,,90,,,,,,,,,,,,,,,,,,,,,,,,,,,,,,,
755,Omar Marmoush,Man City,,,,,,,,,,,,,,90,,,,6,90,,,,,,,,,,,,,,88,,,,91,,29,,,,,,,81,,,,,76,
765,Nico González,Man City,,,,,,,,,,,,,,22,,,,,90,,10,,,,,,,,,,,,,,,,,,7,,,,,,,6,,,,,,
732,Abdukodir Khusanov,Man City,,,,,,,,,,,,,,44,,,,,90,,,,,,,,,,,,,90,,,,,90,,46,,,,,,,,,,,,,
704,Spike Brits,Man City,,,,,,,,,,,,,,,,,,,,,,,,,,,,,,,,,,,,,,,,,,,,,,,,,,,,
364,Amad Diallo,Man Utd,,,,,40,,,,90,,44,,,90,,,,,,,,,,,,,,,,,,,,,,,,,,,,,,,,,,11,,28,,91
365,Antony Matheus dos Santos,Man Utd,,,,,,,,,,,,,,,,,,,,,,,,,,,,,,,,,,,,,,,,,,,,,,,,,,,,
366,Bruno Borges Fernandes,Man Utd,,,,,120,,,,90,,90,,,90,,,,,,,,120,,,,90,,,90,,,,,,,,,,,,,95,,,127,,,95,,91,,91
367,Altay Bayindir,Man Utd,,,,,120,,,,90,,90,,,,,,,,,,,,,,,,,,,,,,,,,,,,,,,,,,,,,,,,,
368,Carlos Henrique Casimiro,Man Utd,,,,,,,,,,,18,,,4,,,,,,,,52,,,,90,,,79,,,,,,,,,,,,,95,,,127,,,95,,81,,91
369,Diogo Dalot Teixeira,Man Utd,,,,,120,,,,90,,90,,,90,,,,,,,,120,,,,90,,,90,,,,,,,,,,,,,95,,,127,,,,,,,6
370,Christian Eriksen,Man Utd,,,,,,,,,73,,72,,,,,,,,,,,68,,,,15,,,3,,,86,,,83,,,,,,,,,,27,,,,,,,
371,Jonny Evans,Man Utd,,,,,,,,,,,,,,,,,,,,,,,,,,,,,,,,,,,,,,,,,,,,,,,,,,,,
372,Alejandro Garnacho,Man Utd,,,,,80,,,,90,,44,,,44,,,,,,,,67,,,,78,,,90,,,,,,,,,,,,,83,,,100,,,84,,63,,20
373,Hannibal Mejbri,Man Utd,,,,,,,,,,,,,,,,,,,,,,,,,,,,,,,,,,,,,,,,,,,,,,,,,,,,
374,Tom Heaton,Man Utd,,,,,,,,,,,,,,,,,,,,,,,,,,,,,,,,,,,,,,,,,,,,,,,,,,,,
375,Rasmus Højlund,Man Utd,,,,,81,,,,8,,80,,,90,,,,,,,,68,,,,90,,,90,,,21,,,73,,,,,,,63,,,87,,,95,,91,,71
376,Victor Lindelöf,Man Utd,,,,,,,,,,,,,,,,,,,,,,67,,,,5,,,,,,,,,,,,,,,,12,,,,,,95,,81,,
377,Harry Maguire,Man Utd,,,,,104,,,,44,,,,,90,,,,,,,,120,,,,,,,,,,,,,,,,,,,,83,,,127,,,65,,91,,91
378,Kobbie Mainoo,Man Utd,,,,,81,,,,17,,90,,,64,,,,,,,,,,,,,,,,,,,,,,,,,,,,12,,,40,,,11,,10,,1
379,Tyrell Malacia,Man Utd,,,,,29,,,,35,,46,,,,,,,,,,,,,,,,,,,,,,,,,,,,,,,,,,,,,,,,,
380,Lisandro Martínez,Man Utd,,,,,120,,,,90,,71,,,,,,,,,,,,,,,,,,,,,,,,,,,,,,,,,,,,,,,,,
381,Scott McTominay,Man Utd,,,,,,,,,,,,,,,,,,,,,,,,,,,,,,,,,,,,,,,,,,,,,,,,,,,,
382,Mason Mount,Man Utd,,,,,,,,,,,,,,,,,,,,,,,,,,,,,,,,,,,,,,,,,,23,,,40,,,30,,29,,71
383,André Onana,Man Utd,,,,,,,,,,,,,,90,,,,,,,,120,,,,90,,,90,,90,,,,,,90,,,,,95,,,127,,,95,,91,,91
384,Facundo Pellistri Rebollo,Man Utd,,,,,,,,,,,,,,,,,,,,,,,,,,,,,,,,,,,,,,,,,,,,,,,,,,,,
387,Luke Shaw,Man Utd,,,,,,,,,,,,,,,,,,,,,,,,,,,,,,,,,,,,,,,,,,,,,82,,,21,,29,,91
389,Joshua Zirkzee,Man Utd,,,,,39,,,,82,,,,,26,,,,,,,,120,,,,88,,,89,,,,,,,,,,,,,32,,,,,,,,,,20
572,Leny Yoro,Man Utd,,,,,16,,,,55,,19,,,90,,,,,,,,53,,,,88,,,,,,,,,,,,,,,,95,,,127,,,95,,91,,91
593,Matthijs de Ligt,Man Utd,,,,,120,,,,46,,90,,,,,,,,,,,120,,,,90,,,90,,,6,,,,,,,,,,,,,,,,30,,,,
594,Noussair Mazraoui,Man Utd,,,,,120,,,,,,90,,,90,,,,,,,,120,,,,90,,,90,,,,90,,,,90,,,,,95,,,45,,,74,,62,,85
613,Toby Collyer,Man Utd,,,,,39,,,,73,,46,,,,,,,,,,,,,,,5,,,11,,,,,,,,,,,,,,,,,,,,,,,
648,Ethan Wheatley,Man Utd,,,,,,,,,,,,,,,,,,,,,,,,,,,,,,,,,,,,,,,,,,,,,,,,,,,,
652,Manuel Ugarte,Man Utd,,,,,91,,,,17,,,,,90,,,,,,,,53,,,,,,,,,,,,,,,,,,,,72,,,87,,,65,,62,,
658,Ayden Heaven,Man Utd,,,,,,,,,,,,,,,,,,,,,,30,,,,,,,90,,,,,,,,,,,,,,,,,,,,,,,
667,Jack Fletcher,Man Utd,,,,,,,,,,,,,,,,,,,,,,,,,,,,,,,,,,,,,,,,,,,,,,,,,,,,
670,Harry Amass,Man Utd,,,,,,,,,,,,,,,,,,,,,,,,,,,,,,,,,,,,,,,,,,,,,27,,,,,10,,
673,Jayce Fitzgerald,Man Utd,,,,,,,,,,,,,,,,,,,,,,,,,,,,,,,,,,,,,,,,,,,,,,,,,,,,
691,Godwill Kukonki,Man Utd,,,,,,,,,,,,,,,,,,,,,,,,,,,,,,,,,,,,,,,,,,,,,,,,,,,,
766,Patrick Dorgu,Man Utd,,,,,,,,,,,,,,46,,,,,,,,,,,,90,,,90,,,5,,,97,,,,,,,95,,,100,,,84,,91,,90
390,Alex Murphy,Newcastle,,,,,,,,,,,,80,,,,,,,,,,,,,,,,,,,,,,,,,,,,,,,,,,,,,,,,
391,Miguel Almirón Rejala,Newcastle,14,,,,,,,,,,,,,,,,,,,,,,,,,,,,,,,,,,,,,,,,,,,,,,,,,,,
392,Harvey Barnes,Newcastle,25,,,,46,,,,,,,,,,,,,,,,57,,,,,,,,,81,,,,,,,,,,,,,,,,,,,,,,
393,Sven Botman,Newcastle,90,,,,,,,,,,,80,,,,,,,,,,,,,,,,,,,,,,,,,,,,,,,,,,,,,,,,
394,Bruno Guimarães Rodriguez Moura,Newcastle,,,,,44,,,,,,,90,,,46,,,,,,40,,,,,,,,,90,,78,,,,,,,,,,,,,,,,,,,,
395,Dan Burn,Newcastle,90,,,,,,,,,,,90,,,55,,,,,,90,,,,,,,,,90,,,90,,,,,,,,,,,,,,,,,,,
396,Martin Dúbravka,Newcastle,90,,,,90,,,,,,,90,,,,,,,,,90,,,,,,,,,,,,,,,,,,,,,,,,,,,,,,,
398,Anthony Gordon,Newcastle,76,,,,44,,,,,,,90,,,,,,,,,90,,,,,,,,,,,,16,,,,,,,,,,,,,,,,,,,
399,Lewis Hall,Newcastle,90,,,,21,,,,,,,90,,,,,,,,,,,,,,,,,,,,,,,,,,,,,,,,,,,,,,,,
400,Isaac Hayden,Newcastle,,,,,,,,,,,,,,,,,,,,,,,,,,,,,,,,,,,,,,,,,,,,,,,,,,,,
401,Alexander Isak,Newcastle,65,,,,,,,,,,,87,,,14,,,,,,86,,,,,,,,,81,,,,,,,,,,,,,,,,,,,,,,
402,Jacob Murphy,Newcastle,65,,,,,,,,,,,,,,35,,,,,,41,,,,,,,,,90,,,,,,,,,,,,,,,,,,,,,,
403,Joelinton Cássio Apolinário de Lira,Newcastle,90,,,,46,,,,,,,,,,,,,,,,56,,,,,,,,,90,,74,,,,,45,,,,,,,,,,,,,,,
404,Lloyd Kelly,Newcastle,25,,,,90,,,,,,,,,,,,,,,,,,,,,,,,,,,,,,,,,,,,,,,,,,,,,,,
405,Emil Krafth,Newcastle,,,,,,,,,,,,10,,,90,,,,,,,,,,,,,,,5,,,,,,,,,,,,,,,,,,,,,,
406,Garang Kuol,Newcastle,,,,,,,,,,,,,,,,,,,,,,,,,,,,,,,,,,,,,,,,,,,,,,,,,,,,
407,Jamaal Lascelles,Newcastle,,,,,,,,,,,,,,,,,,,,,,,,,,,,,,,,,,,,,,,,,,,,,,,,,,,,
408,Jamal Lewis,Newcastle,,,,,,,,,,,,,,,,,,,,,,,,,,,,,,,,,,,,,,,,,,,,,,,,,,,,
409,Tino Livramento,Newcastle,90,,,,,,,,,,,,,,90,,,,,,90,,,,,,,,,90,,,,,,,,,,,,,,,,,,,,,,
410,Sean Longstaff,Newcastle,25,,,,90,,,,,,,3,,,90,,,,,,,,,,,,,,,,,,,,,,,,,,,,,,,,,,,,,
411,Lewis Miley,Newcastle,,,,,90,,,,,,,3,,,90,,,,,,56,,,,,,,,,,,,,,,,,,,,,,,,,,,,,,,
412,Odysseas Vlachodimos,Newcastle,,,,,,,,,,,,,,,,,,,,,,,,,,,,,,,,,,,,,,,,,,,,,,,,,,,,
413,Nick Pope,Newcastle,,,,,,,,,,,,,,,90,,,,,,,,,,,,,,,90,,,,,,,,,,,,,,,,,,,,,,
414,John Ruddy,Newcastle,,,,,,,,,,,,,,,,,,,,,,,,,,,,,,,,,,,,,,,,,,,,,,,,,,,,
415,Fabian Schär,Newcastle,,,,,90,,,,,,,90,,,35,,,,,,90,,,,,,,,,90,,,,,,,,,,,,,,,,,,,,,,
416,Matt Targett,Newcastle,,,,,69,,,,,,,,,,90,,,,,,27,,,,,,,,,,,,,,,,,,,,,,,,,,,,,,,
417,Sandro Tonali,Newcastle,90,,,,21,,,,,,,87,,,44,,,,,,90,,,,,,,,,90,,90,,,68,,,,,,,,,,,,,,,,,
418,Kieran Trippier,Newcastle,,,,,90,,,,,,,90,,,,,,,,,69,,,,,,,,,90,,,,,,,,,,,,,,,,,,,,,,
419,Joe White,Newcastle,,,,,,,,,,,,,,,,,,,,,,,,,,,,,,,,,,,,,,,,,,,,,,,,,,,,
420,Joe Willock,Newcastle,65,,,,,,,,,,,10,,,90,,,,,,40,,,,,,,,,9,,,,,,,,,,,,,,,,,,,,,,
421,Callum Wilson,Newcastle,,,,,,,,,,,,3,,,55,,,,,,10,,,,,,,,,9,,,,,,,,,,,,,,,,,,,,,,
574,Miodrag Pivaš,Newcastle,,,,,,,,,,,,,,,,,,,,,,,,,,,,,,,,,,,,,,,,,,,,,,,,,,,,
590,William Osula,Newcastle,,,,,69,,,,,,,,,,90,,,,,,,,,,,,,,,,,,,,,,,,,,,,,,,,,,,,,
26,Álex Moreno Lopera,Nott'm Forest,,,,90,,,,,,,,,,,,,,120,,,,,82,,,,,,,,,,,,,,,,,,,,,,,,,,,,,
422,Ola Aina,Nott'm Forest,,,,,,,,,,,,,,,,,,,,,,,90,,,,,,,,,,65,,,,90,,120,,,,,,,,,,,,,
423,Elliot Anderson,Nott'm Forest,,,,,,,,,,,,,,,,,,49,,,,,31,,,,,,,,,,,,,,,,120,,,,,,,71,,,,,,
424,Taiwo Awoniyi,Nott'm Forest,,,,74,,,,,,,,,,,,,,90,,,,,82,,,,,,,,,,,,,,,,61,,,,,,,24,,,,,,
425,Willy Boly,Nott'm Forest,,,,90,,,,,,,,,,,,,,120,,,,,,,,,,,,,,,,,,,,,,,,,,,,,,,,,,
426,Josh Bowler,Nott'm Forest,,,,,,,,,,,,,,,,,,,,,,,,,,,,,,,,,,,,,,,,,,,,,,,,,,,,
427,Carlos Miguel dos Santos Pereira,Nott'm Forest,,,,90,,,,,,,,,,,,,,59,,,,,,,,,,,,,,,,,,,,,,,,,,,,,,,,,,
428,Eric da Silva Moreira,Nott'm Forest,,,,90,,,,,,,,,,,,,,120,,,,,,,,,,,,,,,,,,,,,,,,,,,,,,,,,,
429,Danilo dos Santos de Oliveira,Nott'm Forest,,,,5,,,,,,,,,,,,,,59,,,,,59,,,,,,,,,,,,,,,,61,,,,,,,46,,,,,,
430,Emmanuel Dennis,Nott'm Forest,,,,,,,,,,,,,,,,,,,,,,,,,,,,,,,,,,,,,,,,,,,,,,,,,,,,
431,Nicolás Domínguez,Nott'm Forest,,,,16,,,,,,,,,,,,,,61,,,,,,,,,,,,,,,,,,,,,96,,,,,,,82,,,,,,
432,Anthony Elanga,Nott'm Forest,,,,16,,,,,,,,,,,,,,,,,,,111,,,,,,,,,,,,,,,,59,,,,,,,49,,,,,,
433,Morgan Gibbs-White,Nott'm Forest,,,,,,,,,,,,,,,,,,48,,,,,40,,,,,,,,,,,,,,,,120,,,,,,,95,,,,,,
434,Callum Hudson-Odoi,Nott'm Forest,,,,16,,,,,,,,,,,,,,,,,,,90,,,,,,,,,,,,,,,,59,,,,,,,95,,,,,,
435,Alex Mighten,Nott'm Forest,,,,,,,,,,,,,,,,,,,,,,,,,,,,,,,,,,,,,,,,,,,,,,,,,,,,
436,Murillo Santiago Costa dos Santos,Nott'm Forest,,,,,,,,,,,,,,,,,,,,,,,90,,,,,,,,,,,,,,45,,120,,,,,,,95,,,,,,
437,Neco Williams,Nott'm Forest,,,,,,,,,,,,,,,,,,,,,,,15,,,,,,,,,,,90,,,90,,120,,,,,,,,,,,,,
438,Omar Richards,Nott'm Forest,,,,,,,,,,,,,,,,,,,,,,,,,,,,,,,,,,,,,,,,,,,,,,,,,,,,
439,Lewis O'Brien,Nott'm Forest,,,,,,,,,,,,,,,,,,,,,,,,,,,,,,,,,,,,,,,,,,,,,,,,,,,,
440,Andrew Omobamidele,Nott'm Forest,,,,,,,,,,,,,,,,,,,,,,,,,,,,,,,,,,,,,,,,,,,,,,,,,,,,
441,Jonathan Panzo,Nott'm Forest,,,,,,,,,,,,,,,,,,,,,,,,,,,,,,,,,,,,,,,,,,,,,,,,,,,,
442,Ibrahim Sangaré,Nott'm Forest,,,,,,,,,,,,,,,,,,72,,,,,60,,,,,,,,,,,,,,,,,,,,,,,24,,,,,,
443,Matz Sels,Nott'm Forest,,,,,,,,,,,,,,,,,,61,,,,,90,,,,,,,,,,,,90,,,,120,,,,,,,95,,,,,,
444,Harry Toffolo,Nott'm Forest,,,,90,,,,,,,,,,,,,,120,,,,,,,,,,,,,,,,,,,,,,,,,,,,95,,,,,,
446,Hwang Ui-jo,Nott'm Forest,,,,,,,,,,,,,,,,,,,,,,,,,,,,,,,,,,,,,,,,,,,,,,,,,,,,
447,Chris Wood,Nott'm Forest,,,,16,,,,,,,,,,,,,,30,,,,,15,,,,,,,,,90,,,54,,,,,,,,,,,71,,,,,,
448,Joe Worrall,Nott'm Forest,,,,,,,,,,,,,,,,,,,,,,,,,,,,,,,,,,,,,,,,,,,,,,,,,,,,
449,Ryan Yates,Nott'm Forest,,,,74,,,,,,,,,,,,,,71,,,,,90,,,,,,,,,,,,,,,,120,,,,,,,,,,,,,
531,James Ward-Prowse,Nott'm Forest,,,,85,,,,,,,,,,,,,,,,,,,,,,,,,,,,,,,,,,,,,,,,,,,,,,,,
573,Nikola Milenković,Nott'm Forest,,,,,,,,,,,,,,,,,,,,,,,,,,,,,,,,,,,,,,,120,,,,,,,95,,,,,,
596,João Pedro Ferreira Silva,Nott'm Forest,,,,74,,,,,,,,,,,,,,120,,,,,5,,,,,,,,,,,,,,,,24,,,,,,,13,,,,,,
620,Ramón Sosa,Nott'm Forest,,,,74,,,,,,,,,,,,,,120,,,,,,,,,,,,,,85,,,,,18,,,,,,,,,12,,,,,,
653,Felipe Rodrigues da Silva morato,Nott'm Forest,,,,90,,,,,,,,,,,,,,,,,,,90,,,,,,,,,,,,,,,,3,,,,,,,,,,,,,
706,Zach Abbott,Nott'm Forest,,,,,,,,,,,,,,,,,,,,,,,,,,,,,,,,,,,,,,,,,,,,,,83,,,,,,
14,Aaron Ramsdale,Southampton,,,,,,90,,,,,,,,,,,,,,,,,,,,,,,,,,,,,,,,,,,,,,,,,,,,,,
27,Cameron Archer,Southampton,,,,,,23,,,,,,,,4,,,,,,,,,,,,,,,,,,,,,,,,,,,,,,,,,,,,,,
188,Lesley Ugochukwu,Southampton,,,,,,67,,,,,,,,82,,,,,,,,,,,,,,,,,,,,,,,,,,,,,,,,,,,,,,
397,Ryan Fraser,Southampton,,,,,,,,,,,,,,,,,,,,,,,,,,,,,,,,,,,,,,,,,,,,,,,,,,,,
451,Samuel Amo-Ameyaw,Southampton,,,,,,,,,,,,,,,,,,,,,,,,,,,,,,,,,,,,,,,,,,,,,,,,,,,,
452,Joe Aribo,Southampton,,,,,,86,,,,,,,,90,,,,,,,,,,,,,,,,,,,,,,,,,,,,,,,,,,,,,,
453,Adam Armstrong,Southampton,,,,,,23,,,,,,,,,,,,,,,,,,,,,,,,,,,,,,,,,,,,,,,,,,,,,,
454,Gavin Bazunu,Southampton,,,,,,,,,,,,,,,,,,,,,,,,,,,,,,,,,,,,,,,,,,,,,,,,,,,,
455,Jan Bednarek,Southampton,,,,,,73,,,,,,,,90,,,,,,,,,,,,,,,,,,,90,,,45,,,,,,,,,,,,,,,,
456,Armel Bella-Kotchap,Southampton,,,,,,,,,,,,,,,,,,,,,,,,,,,,,,,,,,,,,,,,,,,,,,,,,,,,
457,James Bree,Southampton,,,,,,90,,,,,,,,90,,,,,,,,,,,,,,,,,,,,,,,,,,,,,,,,,,,,,,
458,Shea Charles,Southampton,,,,,,,,,,,,,,,,,,,,,,,,,,,,,,,,,,,,,,,,,,,,,,,,,,,,
459,Samuel Edozie,Southampton,,,,,,,,,,,,,,,,,,,,,,,,,,,,,,,,,,,,,,,,,,,,,,,,,,,,
460,Ronnie Edwards,Southampton,,,,,,,,,,,,,,,,,,,,,,,,,,,,,,,,,,,,,,,,,,,,,,,,,,,,
461,Taylor Harwood-Bellis,Southampton,,,,,,90,,,,,,,,,,,,,,,,,,,,,,,,,,,,,,,,,,,,,,,,,,,,,,
462,Kamaldeen Sulemana,Southampton,,,,,,67,,,,,,,,86,,,,,,,,,,,,,,,,,,,18,,,,,,,,,,,,,,,,,,,
463,Adam Lallana,Southampton,,,,,,4,,,,,,,,,,,,,,,,,,,,,,,,,,,,,,,,,,,,,,,,,,,,,,
464,Juan Larios LÃ³pez,Southampton,,,,,,,,,,,,,,,,,,,,,,,,,,,,,,,,,,,,,,,,,,,,,,,,,,,,
465,Mateusz Lis,Southampton,,,,,,,,,,,,,,,,,,,,,,,,,,,,,,,,,,,,,,,,,,,,,,,,,,,,
466,Joe Lumley,Southampton,,,,,,,,,,,,,,,,,,,,,,,,,,,,,,,,,,,,,,,,,,,,,,,,,,,,
467,Ryan Manning,Southampton,,,,,,90,,,,,,,,90,,,,,,,,,,,,,,,,,,,,,,,,,,,,,,,,,,,,,,
468,SÃ©kou Mara,Southampton,,,,,,,,,,,,,,,,,,,,,,,,,,,,,,,,,,,,,,,,,,,,,,,,,,,,
469,Alex McCarthy,Southampton,,,,,,,,,,,,,,90,,,,,,,,,,,,,,,,,,,,,,,,,,,,,,,,,,,,,,
470,Paul Onuachu,Southampton,,,,,,,,,,,,,,23,,,,,,,,,,,,,,,,,,,,,,,,,,,,,,,,,,,,,,
471,Will Smallbone,Southampton,,,,,,23,,,,,,,,8,,,,,,,,,,,,,,,,,,,,,,,,,,,,,,,,,,,,,,
472,Jack Stephens,Southampton,,,,,,,,,,,,,,,,,,,,,,,,,,,,,,,,,,,,,,,,,,,,,,,,,,,,
473,Ross Stewart,Southampton,,,,,,,,,,,,,,,,,,,,,,,,,,,,,,,,,,,,,,,,,,,,,,,,,,,,
474,Sugawara Yukinari,Southampton,,,,,,,,,,,,,,,,,,,,,,,,,,,,,,,,,,,,61,,,,,,,,,,,,,,,,
475,Charlie Taylor,Southampton,,,,,,,,,,,,,,,,,,,,,,,,,,,,,,,,,,,,,,,,,,,,,,,,,,,,
476,Kyle Walker-Peters,Southampton,,,,,,90,,,,,,,,90,,,,,,,,,,,,,,,,,,,,,,,,,,,,,,,,,,,,,,
477,Nathan Wood-Gordon,Southampton,,,,,,17,,,,,,,,,,,,,,,,,,,,,,,,,,,,,,,,,,,,,,,,,,,,,,
515,Maxwel Cornet,Southampton,,,,,,,,,,,,,,,,,,,,,,,,,,,,,,,,,,,,,,,,,,,,,,,,,,,,
518,Flynn Downes,Southampton,,,,,,,,,,,,,,,,,,,,,,,,,,,,,,,,,,,,,,,,,,,,,,,,,,,,
584,Ben Brereton DÃ­az,Southampton,,,,,,,,,,,,,,,,,,,,,,,,,,,,,,,,,,,,,,,,,,,,,,,,,,,,
608,Tyler Dibling,Southampton,,,,,,67,,,,,,,,67,,,,,,,,,,,,,,,,,,,,,,,,,,,,,,,,,,,,,,
623,Mateus GonÃ§alo Espanha Fernandes,Southampton,,,,,,90,,,,,,,,86,,,,,,,,,,,,,,,,,,,,,,,,,,,,,,,,,,,,,,
693,Joseph O'Brien-Whitmarsh,Southampton,,,,,,,,,,,,,,,,,,,,,,,,,,,,,,,,,,,,,,,,,,,,,,,,,,,,
734,Albert Grønbæk,Southampton,,,,,,,,,,,,,,4,,,,,,,,,,,,,,,,,,,,,,,,,,,,,,,,,,,,,,
718,Welington Damascena Santos,Southampton,,,,,,,,,,,,,,90,,,,,,,,,,,,,,,,,,,,,,,,,,,,,,,,,,,,,,
82,Dominic Solanke-Mitchell,Spurs,,90,,,22,,,,,,,,,,,,,,,,,,,,,20,,,90,,,,,,,,,,,,,88,,,97,,,75,,96,,91
478,Ashley Phillips,Spurs,,,,,,,,,,,,,,,,,,,,,,,,,,,,,,,,,,,,,,,,,,,,,,,,,,,,
479,Brandon Austin,Spurs,,,,,,,,,90,,90,,,,,,,,,,,,,,,,,,,,,,,,,,,,,,,,,,,,,,,,,
480,Rodrigo Bentancur,Spurs,,14,,,,,,,90,,46,,90,,,73,,,,,,,,,,90,,,,,,,90,,,,90,,,,,94,,,97,,,95,,96,,91
481,Lucas Bergvall,Spurs,,90,,,22,,,,90,,90,,33,,,90,,,,,,,,,,90,,,84,,,,,,,,,,,,,94,,,97,,,,,,,
482,Yves Bissouma,Spurs,,90,,,90,,,,,,44,,57,,,44,,,,,,,,,,,,,13,,,77,,,,90,,,,,,,,,,,,95,,96,,91
483,Bryan Gil Salvatierra,Spurs,,,,,,,,,,,,,,,,,,,,,,,,,,,,,,,,,,,,,,,,,,,,,,,,,,,,
484,Ben Davies,Spurs,,,,,,,,,90,,90,,82,,,,,,,,,,,,,,,,6,,,,,90,,,90,,,,,,,,,,,,,,,
485,Alfie Devine,Spurs,,,,,,,,,,,,,,,,,,,,,,,,,,,,,,,,,,,,,,,,,,,,,,,,,,,,
486,Radu Drăgușin,Spurs,,90,,,90,,,,90,,20,,,,,,,,,,,,,,,,,,,,,,,,,,,,,,,,,,,,,,,,,
487,Emerson Leite de Souza Junior,Spurs,,,,,,,,,,,,,,,,,,,,,,,,,,,,,,,,,,,,,,,,,,,,,,,,,,,,
488,Fraser Forster,Spurs,,,,,,,,,,,,,,,,,,,,,,,,,,,,,,,,,,,,,,,,,,,,,,,,,,,,
489,Archie Gray,Spurs,,90,,,90,,,,90,,90,,,,,90,,,,,,,,,,90,,,29,,,,,,,,,,,,,,,,,,,,,,,1
490,Pierre-Emile Højbjerg,Spurs,,,,,,,,,,,,,,,,,,,,,,,,,,,,,,,,,,,,,,,,,,,,,,,,,,,,
491,Brennan Johnson,Spurs,,75,,,90,,,,,,,,,,,,,,,,,,,,,90,,,12,,,,,62,,,84,,,,,94,,,85,,,95,,68,,79
492,Dejan Kulusevski,Spurs,,90,,,4,,,,90,,44,,90,,,90,,,,,,,,,,,,,,,,,,,,,,,,,,,,,51,,,30,,96,,
493,Giovani Lo Celso,Spurs,,,,,,,,,,,,,,,,,,,,,,,,,,,,,,,,,,,,,,,,,,,,,,,,,,,,
494,James Maddison,Spurs,,,,,90,,,,89,,,,,,,,,,,,,,,,,72,,,77,,,,,,,,,,,,,79,,,46,,,65,,,,
495,Pedro Porro,Spurs,,90,,,90,,,,90,,90,,33,,,90,,,,,,,,,,24,,,90,,,90,,,26,,,,,,,94,,,97,,,95,,96,,91
496,Sergio Reguilón,Spurs,,,,,90,,,,,,,,,,,,,,,,,,,,,,,,,,,,,,,,,,,,,,,,,,,,,,,
497,Richarlison de Andrade,Spurs,,,,,,,,,56,,81,,45,,,,,,,,,,,,,,,,,,,,,,,,,,,,,6,,,,,,45,,61,,67
498,Cristian Romero,Spurs,,,,,,,,,,,,,,,,,,,,,,,,,,,,,90,,,,90,,,,90,,,,,94,,,97,,,95,,96,,91
499,Pape Matar Sarr,Spurs,,,,,68,,,,,,90,,57,,,17,,,,,,,,,,24,,,90,,,,,45,,,90,,,,,15,,,18,,,,,28,,90
500,Dane Scarlett,Spurs,,,,,,,,,,,24,,,,,,,,,,,,,,,4,,,,,,,,,,,,,,,,,,,,,,,,,,
502,Manor Solomon,Spurs,,,,,,,,,,,,,,,,,,,,,,,,,,,,,,,,,,,,,,,,,,,,,,,,,,,,
503,Son Heung-min,Spurs,,72,,,4,,,,79,,46,,90,,,90,,,,,,,,,,72,,,90,,90,,,,,91,,,,,,80,,,,,,,,,,24
504,Djed Spence,Spurs,,90,,,4,,,,,,,,90,,,90,,,,,,,,,,90,,,90,,,,,,,,,,,,,15,,,,,,,,,,1
505,Destiny Udogie,Spurs,,,,,,,,,,,,,,,,,,,,,,,,,,72,,,,,,90,,,90,,,,,,,79,,,97,,,95,,96,,90
506,Micky van de Ven,Spurs,,,,,,,,,,,46,,,,,,,,,,,,,,,,,,61,,,,,,,,,,,,,94,,,97,,,95,,96,,91
507,Alejo Véliz,Spurs,,,,,,,,,,,,,,,,,,,,,,,,,,,,,,,,,,,,,,,,,,,,,,,,,,,,
508,Guglielmo Vicario,Spurs,,,,,,,,,,,,,,,,,,,,,,,,,,90,,,90,,,,,,,,,,,,,94,,,97,,,95,,96,,91
509,Timo Werner,Spurs,,18,,,90,,,,,,,,,,,,,,,,,,,,,,,,,,,,,,,,,,,,,,,,,,,,,,,
510,Alfie Whiteman,Spurs,,,,,,,,,,,,,,,,,,,,,,,,,,,,,,,,,,,,,,,,,,,,,,,,,,,,
609,Will Lankshear,Spurs,,,,,,,,,11,,,,,,,,,,,,,,,,,,,,,,,,,,,,,,,,,,,,,,,,,,,
610,Mikey Moore,Spurs,,,,,68,,,,34,,90,,8,,,46,,,,,,,,,,,,,,,,,,,,,,,,,,,,,,,,,,,,
612,Wilson Odobert,Spurs,,,,,,,,,,,,,,,,,,,,,,,,,,50,,,78,,,,,,,,,,,,,,,,,,,20,,,,
683,Callum Olusesi,Spurs,,90,,,90,,,,1,,,,,,,,,,,,,,,,,,,,,,,,,,,,,,,,,,,,,,,,,,,
684,Malachi Hardy,Spurs,,,,,,,,,,,,,,,,,,,,,,,,,,,,,,,,,,,,,,,,,,,,,,,,,,,,
689,Luca Williams-Barnett,Spurs,,,,,,,,,,,,,,,,,,,,,,,,,,,,,,,,,,,,,,,,,,,,,,,,,,,,
699,Alfie Dorrington,Spurs,,,,,,,,,,,,,,,,,,,,,,,,,,,,,,,,,,,,,,,,,,,,,,,,,,,,
700,Maeson King,Spurs,,,,,,,,,,,,,,,,,,,,,,,,,,,,,,,,,,,,,,,,,,,,,,,,,,,,
716,Antonín Kinsky,Spurs,,90,,,90,,,,,,,,90,,,90,,,,,,,,,,,,,,,,,,,,,,,,,,,,,,,,,,,,
717,Min-Hyeok Yang,Spurs,,,,,,,,,,,,,,,,,,,,,,,,,,,,,,,,,,,,,,,,,,,,,,,,,,,,
729,Damola Ajayi,Spurs,,,,,,,,,,,9,,,,,,,,,,,,,,,,,,,,,,,,,,,,,,,,,,,,,,,,,
767,Kevin Danso,Spurs,,,,,,,,,,,,,90,,,90,,,,,,,,,,90,,,,,,,,,,,,,,,,,,,12,,,,,,,12
768,Mathys Tel,Spurs,,,,,,,,,,,,,45,,,90,,,,,,,,,,46,,,,,,,,,,,,,,,,14,,,79,,,50,,35,,
388,Aaron Wan-Bissaka,West Ham,,,,90,,,,,,,,,,,,,,,,,,,,,,,,,,,,,,,,,,,,,,,,,,,,,,,,
511,Edson Álvarez,West Ham,,,,85,,,,,,,,,,,,,,,,,,,,,,,,,,,,,,,,,,,,,,,,,,,,,,,,
512,Michail Antonio,West Ham,,,,,,,,,,,,,,,,,,,,,,,,,,,,,,,,,,,,,,,,,,,,,,,,,,,,
513,Alphonse Areola,West Ham,,,,,,,,,,,,,,,,,,,,,,,,,,,,,,,,,,,,,,,,,,,,,,,,,,,,
514,Jarrod Bowen,West Ham,,,,,,,,,,,,,,,,,,,,,,,,,,,,,,,,,16,,,61,,,,,,,,,,,,,,,,
516,VladimÃ­r Coufal,West Ham,,,,44,,,,,,,,,,,,,,,,,,,,,,,,,,,,,,79,,,90,,,,,,,,,,,,,,,
517,Aaron Cresswell,West Ham,,,,13,,,,,,,,,,,,,,,,,,,,,,,,,,,,,,,,,,,,,,,,,,,,,,,,
519,George Earthy,West Ham,,,,,,,,,,,,,,,,,,,,,,,,,,,,,,,,,,,,,,,,,,,,,,,,,,,,
520,Emerson Palmieri dos Santos,West Ham,,,,,,,,,,,,,,,,,,,,,,,,,,,,,,,,,,,,,,,,,,,,,,,,,,,,
521,Åukasz FabiaÅ„ski,West Ham,,,,90,,,,,,,,,,,,,,,,,,,,,,,,,,,,,,,,,,,,,,,,,,,,,,,,
522,Wes Foderingham,West Ham,,,,,,,,,,,,,,,,,,,,,,,,,,,,,,,,,,,,,,,,,,,,,,,,,,,,
523,Danny Ings,West Ham,,,,74,,,,,,,,,,,,,,,,,,,,,,,,,,,,,,,,,,,,,,,,,,,,,,,,
524,Max Kilman,West Ham,,,,90,,,,,,,,,,,,,,,,,,,,,,,,,,,,,,,,,,,,,,,,,,,,,,,,
525,Mohammed Kudus,West Ham,,,,90,,,,,,,,,,,,,,,,,,,,,,,,,,,,,90,,,78,,,,,,,,,,,,,,,,
526,Luis Guilherme Lira dos Santos,West Ham,,,,5,,,,,,,,,,,,,,,,,,,,,,,,,,,,,,,,,,,,,,,,,,,,,,,,
527,Lucas Tolentino Coelho de Lima,West Ham,,,,90,,,,,,,,,,,,,,,,,,,,,,,,,,,,,,,,,,,,,,,,,,,,,,,,
528,Konstantinos Mavropanos,West Ham,,,,85,,,,,,,,,,,,,,,,,,,,,,,,,,,,90,,,90,,,,,,,,,,,,,,,,,
529,Nayef Aguerd,West Ham,,,,,,,,,,,,,,,,,,,,,,,,,,,,,,,,,,,,,,,,,,,,,,,,,,,,
530,TomÃ¡Å¡ SouÄek,West Ham,,,,90,,,,,,,,,,,,,,,,,,,,,,,,,,,,,,90,,,90,,,,,,,,,,,,,,,
532,Kurt Zouma,West Ham,,,,,,,,,,,,,,,,,,,,,,,,,,,,,,,,,,,,,,,,,,,,,,,,,,,,
576,Andy Irving,West Ham,,,,,,,,,,,,,,,,,,,,,,,,,,,,,,,,,,,,,,,,,,,,,,,,,,,,
587,Crysencio Summerville,West Ham,,,,46,,,,,,,,,,,,,,,,,,,,,,,,,,,,,,,,,,,,,,,,,,,,,,,,
588,Guido RodrÃ­guez,West Ham,,,,,,,,,,,,,,,,,,,,,,,,,,,,,,,,,,,,,,,,,,,,,,,,,,,,
589,Niclas FÃ¼llkrug,West Ham,,,,16,,,,,,,,,,,,,,,,,,,,,,,,,,,,,,,,,,,,,,,,,,,,,,,,
591,Jean-Clair Todibo,West Ham,,,,,,,,,,,,,,,,,,,,,,,,,,,,,,,,,,,,,,,,,,,,,,,,,,,,
643,Kaelan Casey,West Ham,,,,,,,,,,,,,,,,,,,,,,,,,,,,,,,,,,,,,,,,,,,,,,,,,,,,
654,Carlos Soler,West Ham,,,,5,,,,,,,,,,,,,,,,,,,,,,,,,,,,,,,,,,,,,,,,,,,,,,,,
677,Ollie Scarles,West Ham,,,,77,,,,,,,,,,,,,,,,,,,,,,,,,,,,,,,,,,,,,,,,,,,,,,,,
686,Ezra Mayers,West Ham,,,,,,,,,,,,,,,,,,,,,,,,,,,,,,,,,,,,,,,,,,,,,,,,,,,,
701,Lewis Orford,West Ham,,,,,,,,,,,,,,,,,,,,,,,,,,,,,,,,,,,,,,,,,,,,,,,,,,,,
204,Sam Johnstone,Wolves,,,,90,,,,,,,,,,,90,,,,,90,,,,,,,,,,,,,,,,,,,,,,,,,,,,,,,,
533,Rayan Aït-Nouri,Wolves,,,,96,,,,,,,,,,,7,,,,,90,,,,,,,,,,,,,,,,,,,,,,,,,,,,,,,,
534,Boubacar Traoré,Wolves,,,,,,,,,,,,,,,,,,,,11,,,,,,,,,,,,,,,,,,,,,,,,,,,,,,,,
535,Jean-Ricner Bellegarde,Wolves,,,,14,,,,,,,,,,,66,,,,,90,,,,,,,,,,,,,,,,,,,,,,,,,,,,,,,,
536,Daniel Bentley,Wolves,,,,90,,,,,,,,,,,,,,,,,,,,,,,,,,,,,,,,,,,,,,,,,,,,,,,,
537,Francisco Jorge Tomás Oliveira,Wolves,,,,,,,,,,,,,,,,,,,,,,,,,,,,,,,,,,,,,,,,,,,,,,,,,,,,
538,Tawanda Chirewa,Wolves,,,,,,,,,,,,,,,,,,,,,,,,,,,,,,,,,,,,,,,,,,,,,,,,,,,,
539,Leon Chiwome,Wolves,,,,,,,,,,,,,,,,,,,,,,,,,,,,,,,,,,,,,,,,,,,,,,,,,,,,
540,Luke Cundle,Wolves,,,,,,,,,,,,,,,,,,,,,,,,,,,,,,,,,,,,,,,,,,,,,,,,,,,,
541,Matheus Santos Carneiro Da Cunha,Wolves,,,,,,,,,,,,,,,90,,,,,90,,,,,,,,,,,,42,,,,,67,,,,,,,,,,,,,,,
542,Craig Dawson,Wolves,,,,,,,,,,,,,,,,,,,,,,,,,,,,,,,,,,,,,,,,,,,,,,,,,,,,
543,Matt Doherty,Wolves,,,,90,,,,,,,,,,,44,,,,,25,,,,,,,,,,,,90,,,90,,,,,,,,,,,,,,,,,
544,Tommy Doyle,Wolves,,,,,,,,,,,,,,,,,,,,,,,,,,,,,,,,,,,,,,,,,,,,,,,,,,,,
545,Fábio Silva,Wolves,,,,,,,,,,,,,,,,,,,,,,,,,,,,,,,,,,,,,,,,,,,,,,,,,,,,
546,Nathan Fraser,Wolves,,,,,,,,,,,,,,,,,,,,,,,,,,,,,,,,,,,,,,,,,,,,,,,,,,,,
547,Enso González,Wolves,,,,,,,,,,,,,,,,,,,,,,,,,,,,,,,,,,,,,,,,,,,,,,,,,,,,
548,Gonçalo Manuel Ganchinho Guedes,Wolves,,,,76,,,,,,,,,,,66,,,,,,,,,,,,,,,,,,,,,,,,,,,,,,,,,,,,,
549,Hugo Bueno López,Wolves,,,,,,,,,,,,,,,,,,,,,,,,,,,,,,,,,,,,,,,,,,,,,,,,,,,,
550,Hwang Hee-chan,Wolves,,,,75,,,,,,,,,,,46,,,,,,,,,,,,,,,,63,,,,,66,,,,,,,,,,,,,,,,
551,Joe Hodge,Wolves,,,,,,,,,,,,,,,,,,,,,,,,,,,,,,,,,,,,,,,,,,,,,,,,,,,,
552,Ki-Jana Hoever,Wolves,,,,,,,,,,,,,,,,,,,,,,,,,,,,,,,,,,,,,,,,,,,,,,,,,,,,
553,João Victor Gomes da Silva,Wolves,,,,90,,,,,,,,,,,90,,,,,72,,,,,,,,,,,,,,,,,,,,,,,,,,,,,,,,
554,José Malheiro de Sá,Wolves,,,,,,,,,,,,,,,,,,,,,,,,,,,,,,,,,,,,,,,,,,,,,,,,,,,,
555,Saša Kalajdžić,Wolves,,,,,,,,,,,,,,,,,,,,,,,,,,,,,,,,,,,,,,,,,,,,,,,,,,,,
556,Tom King,Wolves,,,,,,,,,,,,,,,,,,,,,,,,,,,,,,,,,,,,,,,,,,,,,,,,,,,,
557,Mario Lemina,Wolves,,,,,,,,,,,,,,,,,,,,,,,,,,,,,,,,,,,,,,,,,,,,,,,,,,,,
558,Yerson Mosquera,Wolves,,,,,,,,,,,,,,,,,,,,,,,,,,,,,,,,,,,,,,,,,,,,,,,,,,,,
559,Nélson Cabral Semedo,Wolves,,,,,,,,,,,,,,,83,,,,,72,,,,,,,,,,,,24,,,,,,,,,,,,,,,,,,,,
561,Pedro Cardoso de Lima,Wolves,,,,7,,,,,,,,,,,,,,,,,,,,,,,,,,,,,,,,,,,,,,,,,,,,,,,,
562,Daniel Castelo Podence,Wolves,,,,,,,,,,,,,,,,,,,,,,,,,,,,,,,,,,,,,,,,,,,,,,,,,,,,
563,Rodrigo Martins Gomes,Wolves,,,,89,,,,,,,,,,,90,,,,,,,,,,,,,,,,,,,,,,,,,,,,,,,,,,,,,
564,Santiago Bueno,Wolves,,,,90,,,,,,,,,,,46,,,,,90,,,,,,,,,,,,,,,,,,,,,,,,,,,,,,,,
565,Pablo Sarabia,Wolves,,,,15,,,,,,,,,,,44,,,,,72,,,,,,,,,,,,,,,,,,,,,,,,,,,,,,,,
566,Jørgen Strand Larsen,Wolves,,,,90,,,,,,,,,,,,,,,,90,,,,,,,,,,,,,,,,,,,,,,,,,,,,,,,,
567,Toti António Gomes,Wolves,,,,,,,,,,,,,,,90,,,,,90,,,,,,,,,,,,,,,,,,,,,,,,,,,,,,,,
637,Bastien Meupiyou,Wolves,,,,,,,,,,,,,,,,,,,,,,,,,,,,,,,,,,,,,,,,,,,,,,,,,,,,
642,André Trindade da Costa Neto,Wolves,,,,90,,,,,,,,,,,24,,,,,25,,,,,,,,,,,,24,,,,,83,,,,,,,,,,,,,,,
655,Carlos Roberto Forbs Borges,Wolves,,,,,,,,,,,,,,,,,,,,,,,,,,,,,,,,,,,,,,,,,,,,,,,,,,,,
664,Alfie Pond,Wolves,,,,1,,,,,,,,,,,,,,,,7,,,,,,,,,,,,,,,,,,,,,,,,,,,,,,,,
682,Tom Edozie,Wolves,,,,,,,,,,,,,,,,,,,,,,,,,,,,,,,,,,,,,,,,,,,,,,,,,,,,
711,Wes Okoduwa,Wolves,,,,,,,,,,,,,,,,,,,,,,,,,,,,,,,,,,,,,,,,,,,,,,,,,,,,
720,Emmanuel Agbadou,Wolves,,,,,,,,,,,,,,,90,,,,,,,,,,,,,,,,,,64,,,11,,,,,,,,,,,,,,,,
769,Nasser Djiga,Wolves,,,,,,,,,,,,,,,,,,,,86,,,,,,,,,,,,,,,,,,,,,,,,,,,,,,,,
770,Marshall Munetsi,Wolves,,,,,,,,,,,,,,,24,,,,,25,,,,,,,,,,,,,,,,,,,,,,,,,,,,,,,,